Gene stable ID,Human gene symbol,Mouse gene symbol,Zebrafish gene symbol1,Orthologs across species2,Pigment phenotype location,GO,OMIM,MGI,ZFIN,PubMed,Species with phenotype
ENSG00000144452,ABCA12,Abca12,abca12,Y,body,,,,ZFIN,,Zebrafish
ENSG00000115657,ABCB6,Abcb6,abcb6a,Y,body,GO,OMIM,,ZFIN,,"Human, zebrafish"
ENSG00000106077,ABHD11,Abhd11,abhd11,Y,"body,eye",,,,ZFIN,,Zebrafish
ENSG00000102977,ACD,Acd,,N,body,,,MGI,,,Mouse
ENSG00000121989,ACVR2A,Acvr2a,acvr2aa / acvr2ab,Y,body,,,,,PubMed,Mouse
ENSG00000137845,ADAM10,Adam10,adam10a / adam10b,Y,body,,OMIM,,,,"Human, mouse"
ENSG00000151694,ADAM17,Adam17,adam17a / adam17b,Y,body,,,MGI,,,Mouse
ENSG00000173157,ADAMTS20,Adamts20,,N,body,GO,,MGI,,,Mouse
ENSG00000163638,ADAMTS9,Adamts9,adamts9,Y,body,GO,,MGI,,,Mouse
ENSG00000160710,ADAR,Adar,adar,Y,body,,OMIM,,,,Human
ENSG00000173175,ADCY5,Adcy5,adcy5,Y,body,,,,ZFIN,,Zebrafish
ENSG00000020181,ADGRA2,Adgra2,adgra2,Y,body,,,,ZFIN,,Zebrafish
ENSG00000169252,ADRB2,Adrb2,adrb2a,Y,body,GO,,,ZFIN,,Zebrafish
ENSG00000139154,AEBP2,Aebp2,aebp2,Y,body,,,MGI,,,Mouse
ENSG00000141385,AFG3L2,Afg3l2,afg3l2,Y,body,,,MGI,,,Mouse
ENSG00000101444,AHCY,Ahcy,ahcy,Y,body,,,,ZFIN,,Zebrafish
ENSG00000170017,ALCAM,Alcam,alcama,Y,body,,,,ZFIN,,Zebrafish
ENSG00000111275,ALDH2,Aldh2,aldh2.1 / aldh2.2,Y,body,,,MGI,,,Mouse
ENSG00000149925,ALDOA,Aldoa,aldoaa,Y,"body, eye",GO,,,ZFIN,,Zebrafish
ENSG00000101901,ALG13,Alg13,alg13,Y,body,,,,ZFIN,,Zebrafish
ENSG00000156150,ALX3,Alx3,alx3,Y,body,,OMIM,,,,Other animal model
ENSG00000110497,AMBRA1,Ambra1,ambra1a / ambra1b†,Y,body,,,,ZFIN,,Zebrafish
ENSG00000182718,ANXA2,Anxa2,anxa2a,Y,body,,,,,PubMed,Cell-based
ENSG00000106367,AP1S1,Ap1s1,ap1s1,Y,body,,OMIM,,ZFIN,,Zebrafish
ENSG00000132842,AP3B1,Ap3b1,ap3b1a / ap3b1b,Y,"body, eye",GO,OMIM,MGI,,,"Human, mouse"
ENSG00000065000,AP3D1,Ap3d1,ap3d1,Y,"body, eye",GO,"OMIM, one patient3",MGI,,,Mouse
ENSG00000157823,AP3S2,Ap3s2,ap3s2,Y,body,,,,ZFIN,,Zebrafish
ENSG00000134982,APC,Apc,apc,Y,body,,"OMIM, eye",MGI,,,Mouse
ENSG00000095139,ARCN1,Arcn1,arcn1a / arcn1b,Y,body,GO,OMIM,MGI,,,Mouse
ENSG00000113966,ARL6,Arl6,arl6,Y,body,GO,"OMIM, eye",,ZFIN,,Zebrafish
ENSG00000170540,ARL6IP1,Arl6ip1,arl6ip1,Y,"body, eye",,,,ZFIN,,Zebrafish
ENSG00000101440,ASIP,a,asip1,Y,body,GO,OMIM,MGI,ZFIN,,"Mouse, zebrafish"
ENSG00000107669,ATE1,Ate1,ate1,Y,body,,,MGI,,,Mouse
ENSG00000197548,ATG7,Atg7,atg7,Y,body,,,,,PubMed,Mouse
ENSG00000149311,ATM,Atm,atm,Y,body,,OMIM,,,,Human
ENSG00000179774,ATOH7,Atoh7,atoh7,Y,body,GO,,,ZFIN,,Zebrafish
ENSG00000177556,ATOX1,Atox1,atox1,Y,body,,OMIM,MGI,,,Mouse
ENSG00000163399,ATP1A1,Atp1a1,atp1a1a.1,Y,body,GO,,,ZFIN,,Zebrafish
ENSG00000071553,ATP6AP1,Atp6ap1,atp6ap1b,Y,"body, eye",GO,,,ZFIN,,Zebrafish
ENSG00000182220,ATP6AP2,Atp6ap2,atp6ap2,Y,"body, eye",GO,,,ZFIN,,Zebrafish
ENSG00000117410,ATP6V0B,Atp6v0b,atp6v0b,Y,"body, eye",GO,,,ZFIN,,Zebrafish
ENSG00000185883,ATP6V0C,Atp6v0c,atp6v0ca,Y,"body, eye",,,,ZFIN,,Zebrafish
ENSG00000159720,ATP6V0D1,Atp6v0d1,atp6v0d1,Y,"body, eye",GO,,,ZFIN,,Zebrafish
ENSG00000131100 / ENSG00000250565,ATP6V1E1 / ATP6V1E2,Atp6v1e1,atp6v1e1b,Y,"body, eye",,,,ZFIN,,Zebrafish
ENSG00000128524,ATP6V1F,Atp6v1f,atp6v1f,Y,"body, eye",,,,ZFIN,,Zebrafish
ENSG00000047249,ATP6V1H,Atp6v1h,atp6v1h,Y,"body, eye",GO,,,ZFIN,,Zebrafish
ENSG00000165240,ATP7A,Atp7a,atp7a,Y,body,GO,OMIM,MGI,ZFIN,,"Human, mouse, zebrafish"
ENSG00000123191,ATP7B,Atp7b,,N,body,,,MGI,,,Mouse
ENSG00000175054,ATR,Atr,atr,Y,body,,,MGI,,,Mouse
ENSG00000088812,ATRN,Atrn,atrn,Y,body,GO,OMIM,MGI,,,Mouse
ENSG00000182240,BACE2,Bace2,bace2,Y,"body, eye",GO,,,ZFIN,PubMed,"Mouse, zebrafish"
ENSG00000043039,BARX2,Barx2,barx2,Y,body,,,MGI,,,Mouse
ENSG00000214413,BBIP1,Bbip1,bbip1,Y,body,GO,,,ZFIN,,Zebrafish
ENSG00000174483,BBS1,Bbs1,bbs1,Y,"body, eye",GO,,,ZFIN,,Zebrafish
ENSG00000125124,BBS2,Bbs2,bbs2,Y,"body, eye",GO,"OMIM, eye",,ZFIN,,Zebrafish
ENSG00000140463,BBS4,Bbs4,bbs4,Y,body,GO,,"MGI, eye",ZFIN,,Zebrafish
ENSG00000138686,BBS7,Bbs7,bbs7,Y,body,GO,,,ZFIN,,Zebrafish
ENSG00000171791,BCL2,Bcl2,bcl2b,Y,body,GO,OMIM,MGI,,,Mouse
ENSG00000153094,BCL2L11,Bcl2l11,bcl2l11,Y,body,GO,,,,,Mouse
ENSG00000197299,BLM,Blm,blm,Y,body,,OMIM,,,,Human
ENSG00000189114,BLOC1S3,Bloc1s3,bloc1s3,Y,"body, eye",GO,OMIM,MGI,,,"Human, mouse"
ENSG00000186222,BLOC1S4,Bloc1s4,bloc1s4,Y,"body, eye",GO,OMIM,MGI,,,Mouse
ENSG00000188428,BLOC1S5,Bloc1s5,bloc1s5,Y,"body, eye",GO,OMIM,MGI,,,Mouse
ENSG00000104164,BLOC1S6,Bloc1s6,bloc1s6,Y,"body, eye",GO,OMIM,MGI,,PubMed,"Human, Mouse"
ENSG00000112175,BMP5,Bmp5,bmp5,Y,body,,,,ZFIN,,Zebrafish
ENSG00000204217,BMPR2,Bmpr2,bmpr2a / bmpr2b,Y,body,,,,,PubMed,Mouse
ENSG00000173068,BNC2,Bnc2,bnc2,Y,body,GO,,,ZFIN,,Zebrafish
ENSG00000157764,BRAF,Braf,braf,Y,body,,OMIM,MGI,,,"Human, mouse"
ENSG00000012048,BRCA1,Brca1,,N,body,,,MGI,,,Mouse
ENSG00000139618,BRCA2,Brca2,brca2,Y,body,,OMIM,,,,Human
ENSG00000136492,BRIP1,Brip1,brip1,Y,body,,OMIM,,,,Human
ENSG00000169814,BTD,Btd,btd,Y,body,,,MGI,,,Mouse
ENSG00000179021,C3ORF38,4930453N24Rik,si:ch211-261p9.4,Y,body,,,MGI,,,Mouse
ENSG00000156172,C8ORF37,2610301B20Rik,si:dkey-242e21.4,Y,body,GO,"OMIM, eye",,ZFIN,,Zebrafish
ENSG00000110619,CARS,Cars,cars,Y,body,,,,ZFIN,,Zebrafish
ENSG00000105974,CAV1,Cav1,cav1,Y,"body, eye",,,,ZFIN,,Zebrafish
ENSG00000110395,CBL,Cbl,cbl,Y,body,,,MGI,,,Mouse
ENSG00000160200,CBS,Cbs,cbsa / cbsb,Y,body,,OMIM,,,,Human
ENSG00000160050,CCDC28B,Ccdc28b,ccdc28b,Y,"body, eye",,,,ZFIN,,Zebrafish
ENSG00000166226,CCT2,Cct2,cct2,Y,body,GO,,,ZFIN,,Zebrafish
ENSG00000164045 / ENSG00000101224,CDC25A / CDC25B,Cdc25a / Cdc25b,cdc25b,Y,body,,,,ZFIN,,Zebrafish
ENSG00000070831,CDC42,Cdc42,cdc42,Y,body,GO,,,ZFIN,PubMed,"Mouse, zebrafish"
ENSG00000134371,CDC73,Cdc73,cdc73,Y,body,,,,ZFIN,,Zebrafish
ENSG00000140937,CDH11,Cdh11,cdh11,Y,body,,,,ZFIN,,Zebrafish
ENSG00000170558,CDH2,Cdh2,cdh2,Y,"body, eye",GO,,,ZFIN,,Zebrafish
ENSG00000062038,CDH3,Cdh3,,N,"body, eye",GO,OMIM,,,,"Human, cell-based"
ENSG00000164885,CDK5,Cdk5,cdk5,Y,body,,,,,PubMed,Mouse
ENSG00000134058,CDK7,Cdk7,cdk7,Y,body,,,MGI,,,Mouse
ENSG00000147889,CDKN2A,Cdkn2a,cdkn2a/b,Y,body,,OMIM,,,,Human
ENSG00000113722,CDX1,Cdx1,cdx1a / cdx1b,Y,body,,,MGI,,,Mouse
ENSG00000141577,CEP131,Cep131,cep131,Y,body,GO,,,,,Zebrafish
ENSG00000198707,CEP290,Cep290,cep290,Y,body,GO,,"MGI, eye",ZFIN,,Zebrafish
ENSG00000135346,CGA,Cga,cga,Y,body,,,,ZFIN,,Zebrafish
ENSG00000171316,CHD7,Chd7,chd7,Y,"body, eye",GO,OMIM,,ZFIN,,"zebrafish, Cell- based"
ENSG00000149554,CHEK1,Chek1,chek1,Y,body,,,,,PubMed,Mouse
ENSG00000136425,CIB2,Cib2,cib2,Y,body,,OMIM,,ZFIN,,Zebrafish
ENSG00000145354,CISD2,Cisd2,cisd2,Y,body,,,MGI,,,Mouse
ENSG00000125931,CITED1,Cited1,cited1,Y,body,,,,,PubMed,Cell-based
ENSG00000103249,CLCN7,Clcn7,clcn7,Y,"body, eye",,,,,PubMed,Mouse
ENSG00000065618,COL17A1,Col17a1,col17a1a / col17a1b,Y,body,,,MGI,,,Mouse
ENSG00000142173,COL6A2,Col6a2,col6a2,Y,body,,,,ZFIN,,Zebrafish
ENSG00000118004,COLEC11,Colec11,colec11,Y,body,,,,ZFIN,,Zebrafish
ENSG00000143207,COP1,Cop1,cop1,Y,body,,,MGI,,,Mouse
ENSG00000122218,COPA,Copa,copa,Y,body,,,,ZFIN,,Zebrafish
ENSG00000129083,COPB1,Copb1,copb1,Y,body,,,,ZFIN,,Zebrafish
ENSG00000184432,COPB2,Copb2,copb2,Y,body,,,,ZFIN,,Zebrafish
ENSG00000145244,CORIN,Corin,corin,Y,body,,,MGI,,,Mouse
ENSG00000102879,CORO1A,Coro1a,coro1a,Y,body,,,,ZFIN,,Zebrafish
ENSG00000166569,CPLX4,Cplx4,cplx4a,Y,body,,,,ZFIN,,Zebrafish
ENSG00000071894,CPSF1,Cpsf1,cpsf1,Y,body,,,,ZFIN,,Zebrafish
ENSG00000148204,CRB2,Crb2,crb2a,Y,"body, eye",,,"MGI, eye",ZFIN,,Zebrafish
ENSG00000182158,CREB3L2,Creb3l2,creb3l2,Y,body,,,,ZFIN,,Zebrafish
ENSG00000147571,CRH,Crh,crhb,Y,body,GO,,,ZFIN,,Zebrafish
ENSG00000182578,CSF1R,Csf1r,csf1ra,Y,body,GO,,,ZFIN,,Zebrafish
ENSG00000113712,CSNK1A1,Csnk1a1,csnk1a1,Y,body,,,,,PubMed,Mouse
ENSG00000175029,CTBP2,Ctbp2,ctbp2a,Y,body,GO,,,ZFIN,,Zebrafish
ENSG00000178971,CTC1,Ctc1,ctc1,Y,body,,OMIM,,,,Human
ENSG00000163599,CTLA4,Ctla4,,N,body,,,MGI,,,Mouse
ENSG00000168036,CTNNB1,Ctnnb1,ctnnb1,Y,body,,,MGI,,,Mouse
ENSG00000040531,CTNS,Ctns,ctns,Y,"body, eye",GO,OMIM,,,,Human
ENSG00000198730,CTR9,Ctr9,ctr9,Y,body,GO,,,ZFIN,,Zebrafish
ENSG00000117984,CTSD,Ctsd,ctsd,Y,"body, eye",GO,,,ZFIN,,Zebrafish
ENSG00000107562,CXCL12,Cxcl12,cxcl12a,Y,body,,,,ZFIN,,Zebrafish
ENSG00000140459,CYP11A1,Cyp11a1,cyp11a1 / cyp11a2,Y,body,,OMIM,,,,Human
ENSG00000080166,DCT,Dct,dct,Y,"body, eye",,OMIM,MGI,,,Mouse
ENSG00000204843,DCTN1,Dctn1,dctn1b,Y,body,GO,,,,,Cell-based
ENSG00000175203,DCTN2,Dctn2,dctn2,Y,body,GO,,,,,Cell-based
ENSG00000134574,DDB2,Ddb2,ddb2,Y,body,,OMIM,,,,Human
ENSG00000215301,DDX3X,Ddx3x,ddx3a / ddx3b,Y,body,,OMIM,,,,Human
ENSG00000169084,DHRSX,Dhrsx,dhrsx,Y,body,,,,ZFIN,,Zebrafish
ENSG00000211448,DIO2,Dio2,dio2,Y,body,GO,,,ZFIN,,Zebrafish
ENSG00000162946,DISC1,Disc1,disc1,Y,body,,,,ZFIN,,Zebrafish
ENSG00000130826,DKC1,Dkc1,dkc1,Y,body,,OMIM,,,,Human
ENSG00000150768,DLAT,Dlat,dlat,Y,body,,,,ZFIN,,Zebrafish
ENSG00000104093,DMXL2,Dmxl2,dmxl2,Y,body,,,,ZFIN,,Zebrafish
ENSG00000079805,DNM2,Dnm2,dnm2b,Y,body,,,,ZFIN,,Zebrafish
ENSG00000116641,DOCK7,Dock7,dock7,Y,body,GO,OMIM,MGI,,,Mouse
ENSG00000149295,DRD2,Drd2,drd2a,Y,body,GO,,MGI,,,Mouse
ENSG00000175065,DSG4,Dsg4,,N,body,,,MGI,,,Mouse
ENSG00000133059,DSTYK,Dstyk,dstyk,Y,body,,OMIM,,,,Human
ENSG00000047579,DTNBP1,Dtnbp1,dtnbp1a* / dtnbp1b,Y,"body, eye",GO,OMIM,MGI,,,"Human, mouse, zebrafish"
ENSG00000187240,DYNC1H1,Dync1h1,dync1h1,Y,body,,,,ZFIN,,Zebrafish
ENSG00000089091,DZANK1,Dzank1,dzank1,Y,body,,,,ZFIN,,Zebrafish
ENSG00000117395,EBNA1BP2,Ebna1bp2,ebna1bp2,Y,body,,,,ZFIN,,Zebrafish
ENSG00000117298,ECE1,Ece1,ece1,Y,"body, eye",,OMIM,MGI,,,Mouse
ENSG00000145194,ECE2,Ece2,ece2b,Y,body,GO,,,ZFIN,,Zebrafish
ENSG00000158813,EDA,Eda,eda,Y,body,GO,,MGI,,,Mouse
ENSG00000135960,EDAR,Edar,edar,Y,body,GO,,MGI,,,Mouse
ENSG00000186197,EDARADD,Edaradd,edaradd,Y,body,,,MGI,,,Mouse
ENSG00000078401,EDN1,Edn1,edn1,Y,body,,,,,PubMed,Mouse
ENSG00000124205,EDN3,Edn3,edn3a / edn3b*,Y,"body, eye",GO,OMIM,MGI,ZFIN,,"Human, mouse, zebrafish"
ENSG00000136160,EDNRB,Ednrb,ednrba,Y,"body, eye",GO,OMIM,MGI,ZFIN,,"Human, mouse, zebrafish"
ENSG00000074266,EED,Eed,eed,Y,body,,,MGI,,,Mouse
ENSG00000146648,EGFR,Egfr,egfra,Y,body,,,MGI,,,Mouse
ENSG00000106263,EIF3B,Eif3b,eif3ba,Y,body,,,,ZFIN,,Zebrafish
ENSG00000184110,EIF3C,Eif3c,eif3c,Y,body,,,MGI,,,Mouse
ENSG00000104408,EIF3E,Eif3e,eif3ea,Y,body,GO,,,ZFIN,,Zebrafish
ENSG00000130811,EIF3G,Eif3g,eif3g,Y,body,,,,ZFIN,,Zebrafish
ENSG00000147677,EIF3H,Eif3h,eif3hb,Y,body,,,,ZFIN,,Zebrafish
ENSG00000084623,EIF3I,Eif3i,eif3i,Y,body,,,,ZFIN,,Zebrafish
ENSG00000163064,EN1,En1,en1a / en1b,Y,body,GO,,MGI,,,Mouse
ENSG00000197594,ENPP1,Enpp1,enpp1,Y,body,,OMIM,,,,Human
ENSG00000152223,EPG5,Epg5,epg5,Y,"body, eye",,OMIM,,,,Human
ENSG00000065361,ERBB3,Erbb3,erbb3b,Y,body,GO,,,ZFIN,,Zebrafish
ENSG00000104884,ERCC2,Ercc2,ercc2,Y,body,,OMIM,MGI,,,"Human, mouse"
ENSG00000163161,ERCC3,Ercc3,ercc3,Y,body,,OMIM,,,,Human
ENSG00000175595,ERCC4,Ercc4,ercc4,Y,body,,OMIM,,,,Human
ENSG00000134899,ERCC5,Ercc5,ercc5,Y,body,,OMIM,,,,Human
ENSG00000225830,ERCC6,Ercc6,ercc6,Y,body,,OMIM,,,,Human
ENSG00000171320,ESCO2,Esco2,esco2,Y,body,,OMIM,,ZFIN,,"Human, zebrafish"
ENSG00000134954,ETS1,Ets1,ets1,Y,body,,,MGI,,,Mouse
ENSG00000070367,EXOC5,Exoc5,exoc5,Y,body,GO,,,ZFIN,,Zebrafish
ENSG00000149926,FAM57B,Fam57b,fam57ba,Y,body,,,,ZFIN,,Zebrafish
ENSG00000187741,FANCA,Fanca,fanca,Y,body,,OMIM,,,,Human
ENSG00000158169,FANCC,Fancc,fancc,Y,body,,OMIM,,,,Human
ENSG00000144554,FANCD2,Fancd2,fancd2,Y,body,,OMIM,,,,Human
ENSG00000112039,FANCE,Fance,fance,Y,body,,OMIM,,,,Human
ENSG00000140525,FANCI,Fanci,fanci,Y,body,,OMIM,,,,Human
ENSG00000112029,FBXO5,Fbxo5,fbxo5,Y,body,,,,ZFIN,,Zebrafish
ENSG00000107829,FBXW4,Fbxw4,fbxw4,Y,body,,,,ZFIN,,Zebrafish
ENSG00000068078,FGFR3,Fgfr3,fgfr3,Y,body,,OMIM,,,,Human
ENSG00000022267,FHL1,Fhl1/Fhl4,fhl1a,Y,body,,,,ZFIN,,Zebrafish
ENSG00000112367,FIG4,Fig4,fig4a,Y,body,GO,OMIM,MGI,,,Mouse
ENSG00000196924,FLNA,Flna,flna,Y,body,,OMIM,,,,Human
ENSG00000102081,FMR1,Fmr1,fmr1,Y,body,,OMIM,,,,Human
ENSG00000187140,FOXD3,Foxd3,foxd3,Y,body,GO,,,ZFIN,,Zebrafish
ENSG00000111206,FOXM1,Foxm1,foxm1,Y,body,,,,ZFIN,,Zebrafish
ENSG00000109101,FOXN1,Foxn1,foxn1,Y,body,,,MGI,,,Mouse
ENSG00000150893,FREM2,Frem2,frem2a* / frem2b,Y,body,,,MGI,ZFIN,,"Mouse, zebrafish"
ENSG00000075618,FSCN1,Fscn1,fscn1a / fscn1b,Y,body,,,,,PubMed,Mouse
ENSG00000140718,FTO,Fto,fto,Y,body,,,,ZFIN,,Zebrafish
ENSG00000174804,FZD4,Fzd4,fzd4,Y,body,,,MGI,,,Mouse
ENSG00000159131,GART,Gart,gart,Y,"body, eye",GO,,,ZFIN,,Zebrafish
ENSG00000007237,GAS7,Gas7,gas7a,Y,body,,,,ZFIN,,Zebrafish
ENSG00000107485,GATA3,Gata3,gata3,Y,body,,,MGI,,,Mouse
ENSG00000107862,GBF1,Gbf1,gbf1,Y,body,,,,ZFIN,,Zebrafish
ENSG00000156466,GDF6,Gdf6,gdf6a,Y,body,,,,ZFIN,,Zebrafish
ENSG00000102886,GDPD3,Gdpd3,gdpd3a,Y,body,,,,ZFIN,,Zebrafish
ENSG00000198380,GFPT1,Gfpt1,gfpt1,Y,body,GO,,,ZFIN,,Zebrafish
ENSG00000100031,GGT1,Ggt1,ggt1a / ggt1b,Y,body,,,MGI,,,Mouse
ENSG00000187513,GJA4,Gja4,cx39.4,Y,body,GO,,,ZFIN,,Zebrafish
ENSG00000265107,GJA5,Gja5,gja5b,Y,body,GO,,,ZFIN,,Zebrafish
ENSG00000106571,GLI3,Gli3,gli3,Y,body,GO,OMIM,MGI,,,Mouse
ENSG00000173540,GMPPB,Gmppb,gmppb,Y,body,,OMIM,,ZFIN,,Zebrafish
ENSG00000163655,GMPS,Gmps,gmps,Y,"body, eye",GO,,,ZFIN,,Zebrafish
ENSG00000088256,GNA11,Gna11,gna11a / gna11b,Y,body,GO,OMIM,MGI,,,Mouse
ENSG00000065135,GNAI3,Gnai3,gnai3,Y,"body, eye",,,,,PubMed,Human
ENSG00000156052,GNAQ,Gnaq,gnaq,Y,body,GO,OMIM,MGI,,,Mouse
ENSG00000087460,GNAS,Gnas,gnas,Y,body,,OMIM,,,,Human
ENSG00000134183,GNAT2,Gnat2,gnat2,Y,body,,,,ZFIN,,Zebrafish
ENSG00000198746,GPATCH3,Gpatch3,gpatch3,Y,body,,,,ZFIN,,Zebrafish
ENSG00000147257,GPC3,Gpc3,gpc3,Y,body,,,MGI,,,Mouse
ENSG00000164850,GPER1,Gper1,gper1,Y,body,,,,,PubMed,Cell-based
ENSG00000136235,GPNMB,Gpnmb,gpnmb,Y,body,GO,OMIM,"MGI, eye",,,"Human, cell-based"
ENSG00000101850,GPR143,Gpr143,gpr143,Y,"body, eye",GO,OMIM,MGI,ZFIN,,"Human, mouse, zebrafish"
ENSG00000143147,GPR161,Gpr161,gpr161,Y,body,,,MGI,,,Mouse
ENSG00000117262 / ENSG00000188092,GPR89A / GPR89B,Gpr89,,N,body,,,MGI,,,Mouse
ENSG00000100077,GRK3,Grk3,grk3,Y,body,GO,,,ZFIN,,Zebrafish
ENSG00000152822,GRM1,Grm1,grm1a / grm1b,Y,body,,OMIM,MGI,,,Mouse
ENSG00000006704,GTF2IRD1,Gtf2ird1,gtf2ird1,Y,body,,,MGI,,,Mouse
ENSG00000130299,GTPBP3,Gtpbp3,gtpbp3,Y,body,,,,ZFIN,,Zebrafish
ENSG00000163041,H3F3A,H3F3a,h3f3a,Y,body,,,,ZFIN,,Zebrafish
ENSG00000116478,HDAC1,Hdac1,hdac1,Y,body,GO,,MGI,ZFIN,,"Mouse, zebrafish"
ENSG00000196591,HDAC2,Hdac2,,N,body,,,,,PubMed,Mouse
ENSG00000119969,HELLS,Hells,hells,Y,body,,,MGI,,,Mouse
ENSG00000114315,HES1,Hes1,her6,Y,body,,,,,PubMed,Mouse
ENSG00000186834,HEXIM1,Hexim1,hexim1,Y,body,,,,ZFIN,,Zebrafish
ENSG00000019991,HGF,Hgf,,N,body,,OMIM,MGI,,,Mouse
ENSG00000064393,HIPK2,Hipk2,hipk2,Y,"body, eye",GO,,,ZFIN,,Zebrafish
ENSG00000149929,HIRIP3,Hirip3,hirip3,Y,body,,,,ZFIN,,Zebrafish
ENSG00000106031,HOXA13,Hoxa13,hoxa13a / hoxa13b†,Y,body,,,,ZFIN,,Zebrafish
ENSG00000260027,HOXB7,Hoxb7,hoxb7a,Y,body,,,,ZFIN,,Zebrafish
ENSG00000107521,HPS1,Hps1,hps1,Y,"body, eye",GO,OMIM,MGI,,,"Human, mouse"
ENSG00000163755,HPS3,Hps3,hps3,Y,"body, eye",GO,OMIM,MGI,,,"Human, mouse"
ENSG00000100099,HPS4,Hps4,hps4,Y,"body, eye",GO,OMIM,MGI,,,"Human, mouse"
ENSG00000110756,HPS5,Hps5,hps5,Y,"body, eye",GO,OMIM,MGI,ZFIN,,"Human, mouse, zebrafish"
ENSG00000166189,HPS6,Hps6,hps6,Y,"body, eye",GO,OMIM,MGI,,,"Human, mouse"
ENSG00000174775,HRAS,Hras,hrasa / hrasb,Y,body,,OMIM,,,,"Human, mouse"
ENSG00000203857,HSD3B1,Hsd3b1,hsd3b1,Y,body,GO,,,ZFIN,,Zebrafish
ENSG00000166598,HSP90B1,Hsp90b1,hsp90b1,Y,body,,,,,PubMed,Mouse
ENSG00000166033,HTRA1,Htra1,htra1a,Y,body,,,"MGI, eye",ZFIN,,Zebrafish
ENSG00000197386,HTT,Htt,htt,Y,body,GO,,,ZFIN,,Zebrafish
ENSG00000010404,IDS,Ids,ids,Y,"body, eye",,OMIM,,,,Human
ENSG00000127415,IDUA,Idua,idua,Y,body,,OMIM,,,,Human
ENSG00000134049,IER3IP1,Ier3ip1,ier3ip1,Y,body,,,,ZFIN,,Zebrafish
ENSG00000163913,IFT122,Ift122,ift122,Y,body,,,,ZFIN,,Zebrafish
ENSG00000100360,IFT27,Ift27,ift27,Y,body,GO,"OMIM, eye",,ZFIN,,Zebrafish
ENSG00000163453,IGFBP7,Igfbp7,igfbp7,Y,body,,,,ZFIN,,Zebrafish
ENSG00000144847,IGSF11,Igsf11,igsf11,Y,body,GO,,,ZFIN,,Zebrafish
ENSG00000104365,IKBKB,Ikbkb,,N,body,,,MGI,,,Mouse
ENSG00000269335,IKBKG,Ikbkg,ikbkg,Y,body,,OMIM,MGI,,,"Human, mouse"
ENSG00000112115,IL17A,Il17a,,N,body,,,,,PubMed,Cell-based
ENSG00000166333,ILK,Ilk,ilk,Y,"body, eye",,,MGI,ZFIN,,"Mouse, zebrafish"
ENSG00000106348,IMPDH1,Impdh1,impdh1a,Y,"body, eye",GO,"OMIM, eye",,ZFIN,,Zebrafish
ENSG00000169592,INO80E,Ino80e,ino80e,Y,body,,,,ZFIN,,Zebrafish
ENSG00000204084,INPP5B,Inpp5b,inpp5b,Y,body,GO,,,ZFIN,,Zebrafish
ENSG00000148384,INPP5E,Inpp5e,inpp5e,Y,body,GO,,,ZFIN,,Zebrafish
ENSG00000127080,IPPK,Ippk,ippk,Y,body,GO,,,,,Zebrafish
ENSG00000137265,IRF4,Irf4,irf4a / irf4b,Y,"body, eye",,OMIM,,,,Human
ENSG00000170549,IRX1,Irx1,irx1a,Y,body,,,,ZFIN,,Zebrafish
ENSG00000170561,IRX2,Irx2,irx2a,Y,body,,,,ZFIN,,Zebrafish
ENSG00000005884,ITGA3,Itga3,itga3b,Y,body,,,,ZFIN,,Zebrafish
ENSG00000150093,ITGB1,Itgb1,itgb1a / itgb1b,Y,body,,,MGI,,,Mouse
ENSG00000166086,JAM3,Jam3,jam3b,Y,body,GO,,,ZFIN,,Zebrafish
ENSG00000163376,KBTBD8,Kbtbd8,kbtbd8,Y,body,,OMIM,,,,Cell-based
ENSG00000115474,KCNJ13,Kcnj13,kcnj13,Y,body,GO,"OMIM, eye",,ZFIN,,Zebrafish
ENSG00000153885,KCTD15,Kctd15,kctd15a / kctd15b†,Y,body,,,,ZFIN,,Zebrafish
ENSG00000137177,KIF13A,Kif13a,kif13a,Y,body,GO,,,,,Cell-based
ENSG00000131437,KIF3A,Kif3a,kif3a,Y,body,,,,ZFIN,,Zebrafish
ENSG00000155980,KIF5A,Kif5a,kif5aa,Y,body,,,,ZFIN,,Zebrafish
ENSG00000157404,KIT,Kit,kita* / kitb,Y,"body, eye",GO,OMIM,MGI,ZFIN,,"Human, mouse, zebrafish"
ENSG00000049130,KITLG,Kitl,kitlga,Y,"body, eye",GO,OMIM,MGI,ZFIN,,"Human, mouse, zebrafish"
ENSG00000133703,KRAS,Kras,kras,Y,body,,,MGI,,,Mouse
ENSG00000167768,KRT1,Krt1,,N,body,,,MGI,,,Mouse
ENSG00000186847,KRT14,Krt14,,N,body,,OMIM,,,,Human
ENSG00000128422,KRT17,Krt17,,N,body,,,MGI,,,Mouse
ENSG00000172867,KRT2,Krt2,,N,body,,,MGI,,,Mouse
ENSG00000171446,KRT27,Krt27,,N,body,,,MGI,,,Mouse
ENSG00000170477,KRT4,Krt4,,N,body,,,MGI,,,Mouse
ENSG00000186081,KRT5,Krt5,krt5,Y,body,,OMIM,,,,Human
ENSG00000170454,KRT75,Krt75,,N,body,,,MGI,,,Mouse
ENSG00000185069,KRT76,Krt76,,N,body,GO,,MGI,,,Mouse
ENSG00000171403,KRT9,Krt9,,N,body,,,MGI,,,Mouse
ENSG00000174720,LARP7,Larp7,larp7,Y,body,,,,ZFIN,,Zebrafish
ENSG00000138795,LEF1,Lef1,lef1,Y,body,GO,,MGI,ZFIN,,"Mouse, zebrafish"
ENSG00000166477,LEO1,Leo1,leo1,Y,body,GO,,,ZFIN,,Zebrafish
ENSG00000174697,LEP,Lep,lepa,Y,body,,,,ZFIN,,Zebrafish
ENSG00000106689,LHX2,Lhx2,lhx2b,Y,"body, eye",,,,ZFIN,,Zebrafish
ENSG00000163898,LIPH,Liph,lipia / lipib,Y,body,,,MGI,,,Mouse
ENSG00000185621,LMLN,Lmln,lmln,Y,body,GO,,,ZFIN,,Zebrafish
ENSG00000160789,LMNA,Lmna,lmna,Y,body,,,MGI,,,Mouse
ENSG00000162761,LMX1A,Lmx1a,lmx1a,Y,body,,,MGI,,,Mouse
ENSG00000113083,LOX,Lox,loxa,Y,body,,,,ZFIN,,Zebrafish
ENSG00000148655,LRMDA,Lrmda,lrmda,Y,"body, eye",GO,OMIM,,ZFIN,,"Human, Zebrafish"
ENSG00000148356,LRSAM1,Lrsam1,lrsam1,Y,body,,,,ZFIN,,Zebrafish
ENSG00000062524,LTK,Ltk,ltk,Y,"body, eye",GO,,,ZFIN,,Zebrafish
ENSG00000172901,LVRN,Lvrn,,N,body,,OMIM,,,,Other animal model
ENSG00000143669,LYST,Lyst,lyst,Y,"body, eye",GO,OMIM,MGI,,,"Human, mouse"
ENSG00000204103,MAFB,Mafb,mafba,Y,"body, eye",,,,ZFIN,,Zebrafish
ENSG00000162385,MAGOH,Magoh,magoh,Y,body,,,MGI,,,Mouse
ENSG00000101460,MAP1LC3A,Map1lc3a,map1lc3a,Y,body,,,,,PubMed,Cell-based
ENSG00000169032,MAP2K1,Map2k1,map2k1,Y,body,GO,,,,,Cell-based
ENSG00000126934,MAP2K2,Map2k2,map2k2a,Y,body,,,,,PubMed,Cell-based
ENSG00000102882,MAPK3,Mapk3,mapk3,Y,"body, eye",,,,ZFIN,,Zebrafish
ENSG00000127241,MASP1,Masp1,masp1,Y,"body, eye",,,,ZFIN,,Zebrafish
ENSG00000162510,MATN1,Matn1,matn1,Y,"body, eye",,,,ZFIN,,Zebrafish
ENSG00000140943,MBTPS1,Mbtps1,mbtps1,Y,body,,,MGI,,,Mouse
ENSG00000258839,MC1R,Mc1r,mc1r,Y,"body, eye",GO,OMIM,MGI,ZFIN,,"Human, mouse, zebrafish"
ENSG00000185231,MC2R,Mc2r,mc2r,Y,body,,OMIM,,,,Human
ENSG00000073111,MCM2,Mcm2,mcm2,Y,body,,,MGI,,,Mouse
ENSG00000104738,MCM4,Mcm4,mcm4,Y,body,,OMIM,,,,Human
ENSG00000055732,MCOLN3,Mcoln3,mcoln3a / mcoln3b,Y,body,,OMIM,MGI,,,Mouse
ENSG00000187778,MCRS1,Mcrs1,mcrs1,Y,body,,,,ZFIN,,Zebrafish
ENSG00000135679,MDM2,Mdm2,mdm2,Y,body,,,MGI,,,Mouse
ENSG00000198625,MDM4,Mdm4,mdm4,Y,body,,,MGI,,,Mouse
ENSG00000112159,MDN1,Mdn1,mdn1,Y,body,,,,ZFIN,,Zebrafish
ENSG00000184634,MED12,Med12,med12,Y,body,GO,,,ZFIN,,Zebrafish
ENSG00000180182,MED14,Med14,med14,Y,body,,,,ZFIN,,Zebrafish
ENSG00000112282,MED23,Med23,med23,Y,body,GO,,,ZFIN,,Zebrafish
ENSG00000081189,MEF2C,Mef2c,mef2ca / mef2cb,Y,body,GO,,,,,Mouse
ENSG00000162959,MEMO1,Memo1,memo1,Y,body,,,MGI,,,Mouse
ENSG00000133895,MEN1,Men1,men1,Y,body,,OMIM,,,,Human
ENSG00000005102,MEOX1,Meox1,meox1,Y,body,GO,,,ZFIN,,Zebrafish
ENSG00000146834,MEPCE,Mepce,mepce,Y,body,,,,ZFIN,,Zebrafish
ENSG00000166823,MESP1,Mesp1,mespba / mespbb†,Y,body,,,,ZFIN,,Zebrafish
ENSG00000161091,MFSD12,Mfsd12,mfsd12a,Y,body,GO,OMIM,MGI,,,Mouse
ENSG00000102858,MGRN1,Mgrn1,mgrn1a / mgrn1b,Y,body,,OMIM,MGI,,,Mouse
ENSG00000101752,MIB1,Mib1,mib1,Y,body,GO,,,ZFIN,,Zebrafish
ENSG00000197530,MIB2,Mib2,mib2,Y,body,GO,,,ZFIN,,Zebrafish
ENSG00000187098,MITF,Mitf,mitfa* / mitfb,Y,"body, eye",GO,OMIM,MGI,ZFIN,,"Human, mouse, zebrafish"
ENSG00000125863,MKKS,Mkks,mkks,Y,body,GO,,,ZFIN,,Zebrafish
ENSG00000128585,MKLN1,Mkln1,mkln1,Y,body,,,MGI,,,Mouse
ENSG00000120215,MLANA,Mlana,mlana,Y,body,GO,OMIM,MGI,,,"Mouse, cell-based"
ENSG00000076242,MLH1,Mlh1,mlh1,Y,body,,OMIM,,,,Human
ENSG00000115648,MLPH,Mlph,mlpha* / mlphb,Y,body,GO,OMIM,MGI,ZFIN,,"Human, mouse, zebrafish"
ENSG00000198598,MMP17,Mmp17,mmp17b,Y,body,,,,ZFIN,,Zebrafish
ENSG00000008382,MPND,Mpnd,mpnd,Y,body,,,,ZFIN,,Zebrafish
ENSG00000072415,MPP5,Mpp5,mpp5a,Y,"body, eye",,,,ZFIN,,Zebrafish
ENSG00000115204,MPV17,Mpv17,mpv17,Y,"body, eye",GO,,MGI,ZFIN,,"Mouse, zebrafish"
ENSG00000160588,MPZL3,Mpzl3,mpzl3,Y,body,,,MGI,,,Mouse
ENSG00000170262,MRAP,Mrap,mrap,Y,body,,OMIM,,,,Human
ENSG00000118242,MREG,Mreg,,N,body,GO,OMIM,,,,Mouse
ENSG00000095002,MSH2,Msh2,msh2,Y,body,,OMIM,,,,Human
ENSG00000116062,MSH6,Msh6,msh6,Y,body,,OMIM,,,,Human
ENSG00000039123,MTREX,Skiv2l2,mtrex,Y,body,,,,ZFIN,,Zebrafish
ENSG00000136997,MYC,Myc,mycb,Y,body,GO,,MGI,,,Mouse
ENSG00000005810,MYCBP2,Mycbp2,mycbp2,Y,body,GO,,,ZFIN,,Zebrafish
ENSG00000100345,MYH9,Myh9,myh9a,Y,body,,,,ZFIN,,Zebrafish
ENSG00000145555,MYO10,Myo10,myo10,Y,body,,,MGI,,,Mouse
ENSG00000197535,MYO5A,Myo5a,myo5aa / myo5ab,Y,body,GO,OMIM,MGI,,,"Human, mouse"
ENSG00000196586,MYO6,Myo6,myo6a / myo6b,Y,body,,,,,PubMed,Cell-based
ENSG00000170011,MYRIP,Myrip,myrip,Y,body,,,,,PubMed,Cell-based
ENSG00000162601,MYSM1,Mysm1,mysm1,Y,body,GO,,MGI,,,Mouse
ENSG00000102030,NAA10,Naa10,naa10,Y,body,,,,ZFIN,,Zebrafish
ENSG00000104320,NBN,Nbn,nbn,Y,body,,OMIM,,,,Human
ENSG00000162736,NCSTN,Ncstn,ncstn,Y,body,,,,ZFIN,,Zebrafish
ENSG00000196712,NF1,Nf1,nf1a / nf1b†,Y,"body, eye",GO,OMIM,MGI,ZFIN,,"Human, mouse, zebrafish"
ENSG00000147862,NFIB,Nfib,,N,body,,OMIM,,,,Cell-based
ENSG00000101004,NINL,Ninl,ninl,Y,body,,,,ZFIN,,Zebrafish
ENSG00000112992,NNT,Nnt,nnt,Y,body,,OMIM,,,,Human
ENSG00000173145,NOC3L,Noc3l,noc3l,Y,body,,,,ZFIN,,Zebrafish
ENSG00000148400,NOTCH1,Notch1,notch1a / notch1b,Y,body,,,MGI,,,Mouse
ENSG00000134250,NOTCH2,Notch2,notch2,Y,body,,,MGI,,,Mouse
ENSG00000214513,NOTO,Noto,noto,Y,body,GO,,,ZFIN,,Zebrafish
ENSG00000169297,NR0B1,Nr0b1,nr0b1,Y,body,,OMIM,,,,Human
ENSG00000113580,NR3C1,Nr3c1,nr3c1,Y,body,,,,ZFIN,,Zebrafish
ENSG00000119508,NR4A3,Nr4a3,nr4a3,Y,body,,OMIM,,,,Other animal model
ENSG00000198435,NRARP,Nrarp,nrarpa,Y,body,GO,,,ZFIN,,Zebrafish
ENSG00000213281,NRAS,Nras,nras,Y,body,,OMIM,MGI,,,"Human, mouse"
ENSG00000147383,NSDHL,Nsdhl,nsdhl,Y,body,,,MGI,,,Mouse
ENSG00000073969,NSF,Nsf,nsfa / nsfb†,Y,"body, eye",GO,,,ZFIN,,Zebrafish
ENSG00000156831,NSMCE2,Nsmce2,nsmce2,Y,body,,,MGI,,,Mouse
ENSG00000108559,NUP88,Nup88,nup88,Y,body,,,,ZFIN,,Zebrafish
ENSG00000065154,OAT,Oat,oat,Y,"body, eye",,,MGI,,,Mouse
ENSG00000104044,OCA2,Oca2,oca2,Y,"body, eye",GO,OMIM,MGI,ZFIN,,"Human, mouse, zebrafish"
ENSG00000122126,OCRL,Ocrl,ocrl,Y,"body, eye",GO,,,ZFIN,,Zebrafish
ENSG00000079482,OPHN1,Ophn1,ophn1,Y,body,,,MGI,,,Mouse
ENSG00000123240,OPTN,Optn,optn,Y,body,,,,ZFIN,,Zebrafish
ENSG00000081087,OSTM1,Ostm1,ostm1,Y,body,,OMIM,MGI,,,Mouse
ENSG00000068308,OTUD5,Otud5,otud5b,Y,body,,,,ZFIN,,Zebrafish
ENSG00000172818,OVOL1,Ovol1,ovol1a,Y,body,GO,,,ZFIN,,Zebrafish
ENSG00000007168,PAFAH1B1,pafah1b1,pafah1b1a / pafah1b1b†,Y,body,,,,ZFIN,,Zebrafish
ENSG00000171759,PAH,Pah,pah,Y,body,,OMIM,MGI,,,"Human, mouse"
ENSG00000128050,PAICS,Paics,paics,Y,"body, eye",GO,,,ZFIN,,Zebrafish
ENSG00000149269,PAK1,Pak1,pak1,Y,body,,,,ZFIN,,Zebrafish
ENSG00000083093,PALB2,Palb2,palb2,Y,body,,OMIM,,,,Human
ENSG00000182749,PAQR7,Paqr7,paqr7b,Y,body,,,,,PubMed,Cell-based
ENSG00000148498,PARD3,Pard3,pard3aa / pard3ab*,Y,body,,OMIM,,"ZFIN, eye",,Mouse
ENSG00000140694,PARN,Parn,parn,Y,body,,OMIM,,,,Human
ENSG00000041880,PARP3,Parp3,parp3,Y,body,,,,ZFIN,,Zebrafish
ENSG00000135903,PAX3,Pax3,pax3a* / pax3b,Y,"body, eye",GO,OMIM,MGI,ZFIN,,"Human, mouse, zebrafish"
ENSG00000009709,PAX7,Pax7,pax7a / pax7b†,Y,body,GO,,,ZFIN,,Zebrafish
ENSG00000166228,PCBD1,Pcbd1,pcbd1,Y,body,,,MGI,,,Mouse
ENSG00000138650,PCDH10,Pcdh10,pcdh10a,Y,body,,,,,PubMed,Zebrafish
ENSG00000160299,PCNT,Pcnt,pcnt,Y,body,,OMIM,,,,Human
ENSG00000168291,PDHB,Pdhb,pdhb,Y,body,GO,,,ZFIN,,Zebrafish
ENSG00000124299,PEPD,Pepd,pepd,Y,body,,,MGI,,,Mouse
ENSG00000178921,PFAS,Pfas,pfas,Y,body,,,MGI,,,Mouse
ENSG00000073921,PICALM,Picalm,picalma / picalmb,Y,body,,,MGI,,,Mouse
ENSG00000142892,PIGK,Pigk,pigk,Y,body,,,,ZFIN,,Zebrafish
ENSG00000115020,PIKFYVE,Pikfyve,pikfyve,Y,body,,,,,PubMed,Mouse
ENSG00000065243,PKN2,Pkn2,pkn2,Y,body,,,,ZFIN,,Zebrafish
ENSG00000160199,PKNOX1,Pknox1,pknox1.1,Y,body,,,"MGI, eye",ZFIN,,Zebrafish
ENSG00000142731,PLK4,Plk4,plk4,Y,body,,,,ZFIN,,Zebrafish
ENSG00000196576,PLXNB2,Plxnb2,plxnb2b,Y,body,,,MGI,,,Mouse
ENSG00000183395,PMCH,Pmch,pmch,Y,body,GO,,,,,"Zebrafish, cell- based"
ENSG00000185664,PMEL,Pmel,pmela / pmelb†,Y,"body, eye",GO,OMIM,MGI,ZFIN,,"Mouse, zebrafish"
ENSG00000122512,PMS2,Pms2,pms2,Y,body,,OMIM,,,,Human
ENSG00000100941,PNN,Pnn,pnn,Y,body,,,,ZFIN,,Zebrafish
ENSG00000139323,POC1B,Poc1b,poc1b,Y,body,,"OMIM, eye",,ZFIN,,Zebrafish
ENSG00000101346,POFUT1,Pofut1,pofut1,Y,body,,OMIM,,ZFIN,,"Human, zebrafish"
ENSG00000163389,POGLUT1,Poglut1,poglut1,Y,body,,OMIM,,,,Human
ENSG00000143442,POGZ,Pogz,pogza,Y,body,,,,ZFIN,,Zebrafish
ENSG00000101868,POLA1,Pola1,pola1,Y,body,,OMIM,,,,Human
ENSG00000140521,POLG,Polg,polg,Y,body,,,MGI,,,Mouse
ENSG00000170734,POLH,Polh,polh,Y,body,,OMIM,MGI,,,"Human, mouse"
ENSG00000068654,POLR1A,Polr1a,polr1a,Y,body,,OMIM,,ZFIN,,Zebrafish
ENSG00000168002,POLR2G,Polr2g,polr2gl,Y,body,,,,ZFIN,,Zebrafish
ENSG00000115138,POMC,Pomc,pomca* / pomcb,Y,body,GO,OMIM,MGI,ZFIN,,"Human, mouse, zebrafish"
ENSG00000109819,PPARGC1A,Ppargc1a,ppargc1a,Y,body,GO,,,,,Mouse
ENSG00000149923,PPP4C,Ppp4c,ppp4ca,Y,body,,,,ZFIN,,Zebrafish
ENSG00000057657,PRDM1,Prdm1,prdm1a,Y,"body, eye",GO,,,ZFIN,,Zebrafish
ENSG00000163637,PRICKLE2,Prickle2,prickle2b,Y,body,,,,ZFIN,,Zebrafish
ENSG00000108946,PRKAR1A,Prkar1a,prkar1aa / prkar1ab,Y,body,,OMIM,,,,Human
ENSG00000253729,PRKDC,Prkdc,prkdc,Y,body,,,MGI,,,Mouse
ENSG00000147224,PRPS1,Prps1,prps1a / prps1b†,Y,"body, eye",GO,,,ZFIN,,Zebrafish
ENSG00000080815,PSEN1,Psen1,psen1,Y,body,GO,,,ZFIN,,Zebrafish
ENSG00000143801,PSEN2,Psen2,psen2,Y,body,GO,,,ZFIN,,Zebrafish
ENSG00000205155,PSENEN,Psenen,psenen,Y,body,GO,OMIM,,ZFIN,,"Human, zebrafish"
ENSG00000185920,PTCH1,Ptch1,ptch1,Y,"body, eye",,,MGI,ZFIN,,"Mouse, zebrafish"
ENSG00000117425,PTCH2,Ptch2,ptch2,Y,"body, eye",,,,ZFIN,,Zebrafish
ENSG00000171862,PTEN,Pten,ptena / ptenb,Y,body,,OMIM,MGI,,,"Human, mouse"
ENSG00000179295,PTPN11,Ptpn11,ptpn11a,Y,body,,OMIM,MGI,ZFIN,,"Human, mouse, zebrafish"
ENSG00000070778,PTPN21,Ptpn21,ptpn21,Y,body,,,,ZFIN,,Zebrafish
ENSG00000111679,PTPN6,Ptpn6,ptpn6,Y,body,,,MGI,,,Mouse
ENSG00000150787,PTS,Pts,pts,Y,body,,,MGI,,,Mouse
ENSG00000130508,PXDN,Pxdn,pxdn,Y,body,,,MGI,,,Mouse
ENSG00000103769,RAB11A,Rab11a,rab11a,Y,body,GO,,,ZFIN,,Zebrafish
ENSG00000185236,RAB11B,Rab11b,rab11bb,Y,body,GO,,,,,Cell-based
ENSG00000124839,RAB17,Rab17,,N,body,,,,,PubMed,Cell-based
ENSG00000138069,RAB1A,Rab1a,rab1aa,Y,body,,,,,PubMed,Cell-based
ENSG00000069974,RAB27A,Rab27a,rab27a / rab27b,Y,body,GO,OMIM,MGI,,,"Human, mouse"
ENSG00000118508,RAB32,Rab32,rab32a,Y,body,GO,,,,,Cell-based
ENSG00000100228,RAB36,Rab36,rab36,Y,body,,,,,PubMed,Cell-based
ENSG00000123892,RAB38,Rab38,rab38b,Y,"body, eye",GO,OMIM,MGI,,,Mouse
ENSG00000127328,RAB3IP,Rab3ip,rab3ip,Y,body,GO,,,ZFIN,,Zebrafish
ENSG00000075785,RAB7A,Rab7,rab7,Y,body,GO,,,,,Cell-based
ENSG00000167461,RAB8A,Rab8a,rab8a,Y,body,GO,,,,,Zebrafish
ENSG00000123595,RAB9A,Rab9,rab9a,Y,body,GO,,,,,Cell-based
ENSG00000100949,RABGGTA,Rabggta,rabggta / rabggtb,Y,body,,OMIM,MGI,,,Mouse
ENSG00000136238,RAC1,Rac1,rac1a / rac1b,Y,body,GO,,MGI,,,Mouse
ENSG00000204628,RACK1,Rack1,rack1,Y,body,GO,,MGI,,,Mouse
ENSG00000164754,RAD21,Rad21,rad21a,Y,body,,,,ZFIN,,Zebrafish
ENSG00000113522,RAD50,Rad50,rad50,Y,body,,,MGI,,,Mouse
ENSG00000157927,RADIL,Radil,radil,Y,body,,,,ZFIN,,Zebrafish
ENSG00000132155,RAF1,Raf1,raf1a / raf1b,Y,body,,OMIM,,,,"Human, mouse"
ENSG00000166349,RAG1,Rag1,rag1,Y,body,,,MGI,,,Mouse
ENSG00000109756,RAPGEF2,Rapgef2,rapgef2,Y,body,GO,,,,,Cell-based
ENSG00000173166,RAPH1,Raph1,raph1a,Y,body,,,MGI,,,Mouse
ENSG00000134438,RAX,Rax,rx3,Y,"body, eye",,,,ZFIN,,Zebrafish
ENSG00000139687,RB1,Rb1,rb1,Y,body,,,MGI,ZFIN,,"Zebrafish, cell-based"
ENSG00000168214,RBPJ,Rbpj,rbpja / rbpjb,Y,body,GO,,MGI,,,Mouse
ENSG00000160957,RECQL4,Recql4,recql4,Y,body,,OMIM,MGI,,,"Human, mouse"
ENSG00000084093,REST,Rest,rest,Y,body,,,MGI,,,Mouse
ENSG00000129667,RHBDF2,Rhbdf2,,N,body,,,MGI,,,Mouse
ENSG00000111785,RIC8B,Ric8b,ric8b,Y,body,GO,,,ZFIN,,Zebrafish
ENSG00000167705,RILP,Rilp,rilp,Y,body,,,,,PubMed,Cell-based
ENSG00000143622,RIT1,Rit1,rit1,Y,body,,OMIM,,,,Human
ENSG00000121481,RNF2,Rnf2,rnf2,Y,body,,,,ZFIN,,Zebrafish
ENSG00000181852,RNF41,Rnf41,rnf41,Y,body,GO,,,ZFIN,,Zebrafish
ENSG00000156313,RPGR,Rpgr,rpgra / rpgrb*,Y,body,GO,"OMIM, eye","MGI, eye",ZFIN,,Zebrafish
ENSG00000114391,RPL24,Rpl24,rpl24,Y,body,,OMIM,MGI,,,Mouse
ENSG00000166441,RPL27A,Rpl27a,rpl27a,Y,body,,,MGI,,,Mouse
ENSG00000172809,RPL38,Rpl38,rpl38,Y,body,,,MGI,,,Mouse
ENSG00000164587,RPS14,Rps14,rps14,Y,body,,,,ZFIN,,Zebrafish
ENSG00000105372,RPS19,Rps19,rps19,Y,body,,,MGI,,,Mouse
ENSG00000008988,RPS20,Rps20,rps20,Y,body,,,MGI,,,Mouse
ENSG00000137154,RPS6,Rps6,rps6,Y,body,,,,,PubMed,Mouse
ENSG00000171863,RPS7,Rps7,rps7,Y,body,,OMIM,MGI,,,Mouse
ENSG00000137815,RTF1,Rtf1,rtf1,Y,body,GO,,,ZFIN,,Zebrafish
ENSG00000183207,RUVBL2,Ruvbl2,ruvbl2,Y,body,,,MGI,,,Mouse
ENSG00000186350,RXRA,Rxra,rxrab,Y,"body, eye",,,MGI,,,Mouse
ENSG00000205413,SAMD9,,,N,body,,OMIM,,,,Human
ENSG00000111961,SASH1,Sash1,sash1a / sash1b,Y,body,,,,,PubMed,Human
ENSG00000138760,SCARB2,Scarb2,scarb2a,Y,body,,,,ZFIN,,Zebrafish
ENSG00000175356,SCUBE2,Scube2,scube2,Y,body,,,,ZFIN,,Zebrafish
ENSG00000169439,SDC2,Sdc2,sdc2,Y,body,,,,ZFIN,,Zebrafish
ENSG00000124145,SDC4,Sdc4,sdc4,Y,body,,,,ZFIN,,Zebrafish
ENSG00000078808,SDF4,Sdf4,sdf4,Y,body,,,,ZFIN,,Zebrafish
ENSG00000168758,SEMA4C,Sema4c,sema4c,Y,body,,,MGI,,,Mouse
ENSG00000115524,SF3B1,Sf3b1,sf3b1,Y,body,GO,,,ZFIN,,Zebrafish
ENSG00000116560,SFPQ,Sfpq,sfpq,Y,body,,,,ZFIN,,Zebrafish
ENSG00000106483,SFRP4,Sfrp4,,N,body,,,,,PubMed,Mouse
ENSG00000166224,SGPL1,Sgpl1,sgpl1,Y,body,,OMIM,,,,Human
ENSG00000141258,SGSM2,Sgsm2,sgsm2,Y,body,GO,,,,,Cell-based
ENSG00000130147,SH3BP4,Sh3bp4,sh3bp4 / sh3bp4a,Y,body,,,,,PubMed,Cell-based
ENSG00000107957,SH3PXD2A,Sh3pxd2a,sh3pxd2aa,Y,body,,,,ZFIN,,Zebrafish
ENSG00000164690,SHH,Shh,shha,Y,body,,,"MGI, eye",ZFIN,,Zebrafish
ENSG00000108061,SHOC2,Shoc2,shoc2,Y,body,,OMIM,,,,Human
ENSG00000146950,SHROOM2,Shroom2,shroom2a / shroom2b,Y,"body, eye",,OMIM,,,,Other animal model
ENSG00000170145,SIK2,Sik2,sik2a / sik2b,Y,body,,,MGI,,,Mouse
ENSG00000184302,SIX6,Six6,six6b,Y,body,,"OMIM, eye",,ZFIN,,Zebrafish
ENSG00000064651,SLC12A2,Slc12a2,slc12a2,Y,body,,,,ZFIN,,Zebrafish
ENSG00000147100,SLC16A2,Slc16a2,slc16a2,Y,body,,,,ZFIN,,Zebrafish
ENSG00000119899,SLC17A5,Slc17a5,slc17a5,Y,body,,OMIM,,,,Human
ENSG00000091664,SLC17A6,Slc17a6,slc17a6b,Y,body,,,,ZFIN,,Zebrafish
ENSG00000137204,SLC22A7,Slc22A7,slc22a7b.1,Y,body,,,,ZFIN,,Zebrafish
ENSG00000188467,SLC24A5,Slc24a5,slc24a5,Y,"body, eye",GO,OMIM,MGI,ZFIN,,"Human, mouse, zebrafish"
ENSG00000198246,SLC29A3,Slc29a3,slc29a3,Y,body,,OMIM,,,,Human
ENSG00000117394,SLC2A1,Slc2a1,slc2a1a / slc2a1b†,Y,body,,,,ZFIN,,Zebrafish
ENSG00000133460,SLC2A11,,slc2a11b,N,body,,,,ZFIN,,Zebrafish
ENSG00000104154,SLC30A4,Slc30a4,slc30a4,Y,body,,,MGI,,,Mouse
ENSG00000136868,SLC31A1,Slc31a1,slc31a1,Y,body,,,MGI,,,Mouse
ENSG00000123643,SLC36A1,Slc36a1,slc36a1,Y,"body, eye",,,,,PubMed,Other animal model
ENSG00000138449,SLC40A1,Slc40a1,slc40a1,Y,"body, eye",,,,ZFIN,,Zebrafish
ENSG00000164175,SLC45A2,Slc45a2,slc45a2,Y,"body, eye",GO,OMIM,MGI,ZFIN,,"Human, mouse, zebrafish"
ENSG00000151012,SLC7A11,Slc7a11,slc7a11,Y,body,,,MGI,,,Mouse
ENSG00000127616,SMARCA4,Smarca4,smarca4a,Y,"body, eye",GO,,,ZFIN,PubMed,"Mouse, zebrafish"
ENSG00000153147,SMARCA5,Smarca5,smarca5,Y,body,,,,,PubMed,Mouse
ENSG00000138375,SMARCAL1,Smarcal1,smarcal1,Y,body,,OMIM,,,,Human
ENSG00000066117,SMARCD1,Smarcd1,smarcd1,Y,body,,,,ZFIN,,Zebrafish
ENSG00000101596,SMCHD1,Smchd1,smchd1,Y,body,,,,,PubMed,Mouse
ENSG00000128602,SMO,Smo,smo,Y,body,,OMIM,,ZFIN,,"Human, zebrafish"
ENSG00000019549,SNAI2,Snai2,snai2,Y,"body, eye",GO,OMIM,MGI,,,"Human, mouse"
ENSG00000099940,SNAP29,Snap29,snap29,Y,body,,,,ZFIN,,Zebrafish
ENSG00000124562,SNRPC,Snrpc,snrpc,Y,body,,,,ZFIN,,Zebrafish
ENSG00000100146,SOX10,Sox10,sox10,Y,"body, eye",GO,OMIM,MGI,ZFIN,,"Human, mouse, zebrafish"
ENSG00000203883,SOX18,Sox18,sox18,Y,body,,OMIM,MGI,,,Mouse
ENSG00000181449,SOX2,Sox2,sox2,Y,body,GO,,MGI,,,Mouse
ENSG00000134532,SOX5,Sox5,sox5,Y,body,,,,,PubMed,Other animal model
ENSG00000125398,SOX9,Sox9,sox9a / sox9b†,Y,body,GO,,MGI,ZFIN,,"Mouse, zebrafish"
ENSG00000008294,SPAG9,Spag9,spag9a,Y,body,,,MGI,,,Mouse
ENSG00000166068,SPRED1,Spred1,spred1,Y,body,,OMIM,,,,Human
ENSG00000197122,SRC,Src,src,Y,body,,,MGI,,,Mouse
ENSG00000116649,SRM,Srm,srm,Y,body,,,,ZFIN,,Zebrafish
ENSG00000115525,ST3GAL5,St3gal5,st3gal5,Y,body,,OMIM,,,,Human
ENSG00000147465,STAR,Star,star,Y,body,,OMIM,,,,Human
ENSG00000167323,STIM1,Stim1,stim1a* / stim1b,Y,body,,,,,PubMed,"Zebrafish, Cell-based "
ENSG00000118046,STK11,Stk11,stk11,Y,body,,OMIM,,,,Human
ENSG00000117758,STX12,Stx12,stx12,Y,body,,,,,PubMed,Cell-based
ENSG00000136874,STX17,Stx17,stx17,Y,body,,,,,PubMed,Other animal model
ENSG00000166900,STX3,Stx3,stx3a,Y,body,GO,,,,,Cell-based
ENSG00000136854,STXBP1,Stxbp1,stxbp1a / stxbp1b†,Y,body,,,,ZFIN,,Zebrafish
ENSG00000107882,SUFU,Sufu,sufu,Y,body,,,MGI,,,Mouse
ENSG00000137573,SULF1,Sulf1,sulf1,Y,body,GO,,,ZFIN,,Zebrafish
ENSG00000196235,SUPT5H,Supt5,supt5h,Y,body,,,,ZFIN,,Zebrafish
ENSG00000109111,SUPT6H,Supt6,supt6h,Y,body,,,,ZFIN,,Zebrafish
ENSG00000137501,SYTL2,Sytl2,sytl2a / sytl2b,Y,body,GO,OMIM,,,,Cell-based
ENSG00000198198,SZT2,Szt2,szt2,Y,body,GO,,MGI,,,Mouse
ENSG00000136463,TACO1,Taco1,taco1,Y,body,,,MGI,,,Mouse
ENSG00000130699,TAF4,Taf4,taf4a,Y,body,,,MGI,,,Mouse
ENSG00000099992,TBC1D10A,Tbc1d10a,tbc1d10ab,Y,body,,OMIM,,,,Cell-based
ENSG00000169221,TBC1D10B,Tbc1d10b,tbc1d10b,Y,body,,OMIM,,,,Cell-based
ENSG00000141556,TBCD,Tbcd,tbcd,Y,body,,,,ZFIN,,Zebrafish
ENSG00000167800,TBX10,Tbx10,tbx10,Y,body,,,MGI,,,Mouse
ENSG00000092607,TBX15,Tbx15,tbx15,Y,body,,,MGI,,,Mouse
ENSG00000143178,TBX19,Tbx19,tbx19,Y,body,,,MGI,,,Mouse
ENSG00000218336,TENM3,Tenm3,tenm3,Y,body,,,,ZFIN,,Zebrafish
ENSG00000147601,TERF1,Terf1,terf1,Y,body,,OMIM,MGI,,,Mouse
ENSG00000132604,TERF2,Terf2,terfa,Y,body,,OMIM,,"ZFIN, eye",,Mouse
ENSG00000166848,TERF2IP,Terf2ip,terf2ip,Y,body,,,MGI,,,Mouse
ENSG00000164362,TERT,Tert,tert,Y,body,,OMIM,,"ZFIN, eye",,Human
ENSG00000168769,TET2,Tet2,tet2,Y,body,,,,ZFIN,,Zebrafish
ENSG00000187605,TET3,Tet3,tet3,Y,body,,,,ZFIN,,Zebrafish
ENSG00000137203,TFAP2A,Tfap2a,tfap2a,Y,"body, eye",GO,,MGI,ZFIN,,"Mouse, zebrafish"
ENSG00000087510,TFAP2C,Tfap2c,tfap2c,Y,body,,,,ZFIN,,Zebrafish
ENSG00000116819,TFAP2E,Tfap2e,tfap2e,Y,body,GO,,,ZFIN,,Zebrafish
ENSG00000105825,TFPI2,Tfpi2,tfpi2,Y,body,,,,ZFIN,,Zebrafish
ENSG00000163513,TGFBR2,Tgfbr2,tgfbr2a / tgfbr2b,Y,body,,,,,PubMed,Mouse
ENSG00000126351,THRA,Thra,thraa,Y,body,,,,ZFIN,,Zebrafish
ENSG00000092330,TINF2,Tinf2,tinf2,Y,body,,OMIM,,,,Human
ENSG00000104067,TJP1,Tjp1,tjp1a,Y,"body, eye",GO,,,ZFIN,,Zebrafish
ENSG00000187045,TMPRSS6,Tmprss6,tmprss6,Y,body,,,,ZFIN,,Zebrafish
ENSG00000141510,TP53,Trp53,tp53,Y,body,,,MGI,ZFIN,,"Mouse, zebrafish"
ENSG00000073282,TP63,Trp63,tp63,Y,body,,OMIM,,,,Human
ENSG00000162341,TPCN2,Tpcn2,tpcn2,Y,"body, eye",,OMIM,,ZFIN,,"Human, Zebrafish"
ENSG00000175104,TRAF6,Traf6,traf6,Y,body,,,MGI,,,Mouse
ENSG00000007255,TRAPPC6A,Trappc6a,,N,"body, eye",GO,OMIM,MGI,,,Mouse
ENSG00000119401,TRIM32,Trim32,trim32,Y,body,GO,,,ZFIN,,Zebrafish
ENSG00000197323,TRIM33,Trim33,trim33,Y,body,GO,,,ZFIN,,Zebrafish
ENSG00000134160,TRPM1,Trpm1,trpm1b,Y,body,,OMIM,,,,Other animal model
ENSG00000092439,TRPM7,Trpm7,trpm7,Y,body,GO,,,ZFIN,PubMed,"Mouse, zebrafish"
ENSG00000165699,TSC1,Tsc1,tsc1a / tsc1b,Y,body,,OMIM,,,,Human 
ENSG00000103197,TSC2,Tsc2,tsc2,Y,body,,OMIM,,,,Human 
ENSG00000165409,TSHR,Tshr,tshr,Y,body,,,,ZFIN,,Zebrafish
ENSG00000165533,TTC8,Ttc8,ttc8,Y,"body, eye",GO,"OMIM, eye",,ZFIN,,Zebrafish
ENSG00000176890,TYMS,Tyms,tyms,Y,"body, eye",,,,ZFIN,,Zebrafish
ENSG00000077498,TYR,Tyr,tyr,Y,"body, eye",GO,OMIM,MGI,ZFIN,,"Human, mouse, zebrafish"
ENSG00000107165,TYRP1,Tyrp1,tyrp1a / tyrp1b†,Y,"body, eye",GO,OMIM,MGI,ZFIN,,"Human, mouse, zebrafish"
ENSG00000144224,UBXN4,Ubxn4,ubxn4,Y,body,,,,ZFIN,,Zebrafish
ENSG00000118939,UCHL3,Uchl3,uchl3,Y,body,,,,ZFIN,,Zebrafish
ENSG00000169021,UQCRFS1,Uqcrfs1,uqcrfs1,Y,body,,,MGI,,,Mouse
ENSG00000103005,USB1,Usb1,usb1,Y,body,,,,ZFIN,,Zebrafish
ENSG00000105698,USF2,Usf2,usf2,Y,body,,,MGI,,,Mouse
ENSG00000103194,USP10,Usp10,usp10,Y,body,,,,ZFIN,,Zebrafish
ENSG00000058056,USP13,Usp13,usp13,Y,body,GO,,,ZFIN,,Zebrafish
ENSG00000136878,USP20,Usp20,usp20,Y,body,,,,ZFIN,,Zebrafish
ENSG00000048028,USP28,Usp28,usp28,Y,body,,,,ZFIN,,Zebrafish
ENSG00000140455,USP3,Usp3,usp3,Y,body,,,,ZFIN,,Zebrafish
ENSG00000055483,USP36,Usp36,usp36,Y,body,,,,ZFIN,,Zebrafish
ENSG00000154914,USP43,Usp43,usp43a,Y,body,,,,ZFIN,,Zebrafish
ENSG00000123552,USP45,Usp45,usp45,Y,body,,,,ZFIN,,Zebrafish
ENSG00000090686,USP48,Usp48,usp48,Y,body,,,,ZFIN,,Zebrafish
ENSG00000145390,USP53,Usp53,usp53a,Y,body,,,,ZFIN,,Zebrafish
ENSG00000187555,USP7,Usp7,usp7,Y,body,,,,ZFIN,,Zebrafish
ENSG00000124486,USP9X,Usp9x,usp9,Y,body,,OMIM,,,,Human
ENSG00000163945,UVSSA,Uvssa,uvssa,Y,body,,OMIM,,,,Human
ENSG00000126756,UXT,Uxt,uxt,Y,body,,,,ZFIN,,Zebrafish
ENSG00000103043,VAC14,Vac14,vac14,Y,body,,OMIM,MGI,,,Mouse
ENSG00000124333,VAMP7,Vamp7,sybl1,Y,body,,,,,PubMed,Cell-based
ENSG00000173218,VANGL1,Vangl1,vangl1,Y,body,GO,,,,,Mouse
ENSG00000111424,VDR,Vdr,vdrb,Y,body,,,,ZFIN,,Zebrafish
ENSG00000160695,VPS11,Vps11,vps11,Y,"body, eye",GO,,,ZFIN,,Zebrafish
ENSG00000104142,VPS18,Vps18,vps18,Y,"body, eye",GO,,,ZFIN,,Zebrafish
ENSG00000139719,VPS33A,Vps33a,vps33a,Y,"body, eye",GO,,MGI,,,Mouse
ENSG00000166887,VPS39,Vps39,vps39,Y,"body, eye",GO,,,ZFIN,,Zebrafish
ENSG00000143951,WDPCP,Wdpcp,wdpcp,Y,body,,,,ZFIN,,Zebrafish
ENSG00000177082,WDR73,Wdr73,wdr73,Y,body,,OMIM,,ZFIN,,Zebrafish
ENSG00000156076,WIF1,Wif1,wif1,Y,body,,,,,PubMed,Cell-based
ENSG00000070540,WIPI1,Wipi1,wipi1,Y,body,,,,,PubMed,Cell-based
ENSG00000125084,WNT1,Wnt1,wnt1,Y,body,,,,,PubMed,Mouse
ENSG00000154342,WNT3A,Wnt3a,wnt3a,Y,body,,,,,PubMed,Mouse
ENSG00000154764,WNT7A,Wnt7a,wnt7aa / wnt7ab,Y,body,,,MGI,,,Mouse
ENSG00000141499,WRAP53,Wrap53,wrap53,Y,body,,OMIM,,,,Human
ENSG00000165392,WRN,Wrn,wrn,Y,body,,,,,PubMed,Human
ENSG00000136936,XPA,Xpa,xpa,Y,body,GO,OMIM,,,,"Human, mouse"
ENSG00000154767,XPC,Xpc,xpc,Y,body,GO,OMIM,,,,Human
ENSG00000274474,YWHAE,Ywhae,ywhae1,Y,body,,,,,PubMed,Mouse
ENSG00000164924,YWHAZ,Ywhaz,ywhaz,Y,body,GO,,,,,Mouse
ENSG00000100811,YY1,Yy1,yy1a,Y,body,,,,,PubMed,Mouse
ENSG00000116809,ZBTB17,Zbtb17,zbtb17,Y,body,,,MGI,,,Mouse
ENSG00000175893,ZDHHC21,Zdhhc21,zdhhc21,Y,body,,,MGI,,,Mouse
ENSG00000169554,ZEB2,Zeb2,zeb2a / zeb2b,Y,body,GO,,,,,Mouse
ENSG00000043355,ZIC2,Zic2,zic2a / zic2b†,Y,body,GO,,MGI,ZFIN,,"Mouse, zebrafish"
ENSG00000084073,ZMPSTE24,Zmpste24,zmpste24,Y,body,,OMIM,,,,Human
ENSMUSG00000031967,,Afg3l1,,N,body,,,MGI,,,Mouse
ENSMUSG00000032572,,Col6a4,col6a4a,N,body,,,,ZFIN,,Zebrafish
ENSMUSG00000024174,,Pot1b,,N,body,,OMIM,MGI,,,Mouse
ENSDARG00000045601,,,cax1,N,body,,,,ZFIN,,Zebrafish
ENSDARG00000040955,,,dharma,N,body,GO,,,ZFIN,,Zebrafish
ENSDARG00000098237,,,fbn2b,N,body,,,,ZFIN,,Zebrafish
ENSDARG00000017078,,,mespaa,N,body,,,,ZFIN,,Zebrafish
ENSDARG00000068761,,,mespab,N,body,,,,ZFIN,,Zebrafish
ENSDARG00000017219,,,pabpc1a,N,body,,,,ZFIN,,Zebrafish
ENSDARG00000102824,,,pcdh10b,N,body,,,,,PubMed,Zebrafish
ENSDARG00000076844,,,plin6,N,body,GO,,,ZFIN,,Zebrafish
ENSDARG00000062744,,,scn1lab,N,body,,,,ZFIN,,Zebrafish
ENSDARG00000017251,,,smtlb,N,body,GO,,,,,Zebrafish
ENSDARG00000024540,,,tspan36,N,body,GO,,,ZFIN,,Zebrafish
ENSDARG00000070155,,,tuba8l3,N,body,,,,ZFIN,,Zebrafish
,,,,,,,,,,,
"1For 2 zebrafish orthologs, * = pigmentation phenotype in one zebrafish ortholog only, † = independent pigmentation ",,,,,,,,,,,
"phenotypes seen in both zebrafish orthologs, and no symbol = no information about either ortholog regarding pigmentation",,,,,,,,,,,
,,,,,,,,,,,
"2Orthologs were included for human, mouse, and zebrafish if they exhibited conserved genome location (synteny) along with ",,,,,,,,,,,
"amino acid homology and/or functional complementation, as defined by Ensembl, ZFIN, and NCBI; Y = yes, N=no",,,,,,,,,,,
,,,,,,,,,,,
"3Only one patient has been reported with mutation in AP3D1; however, evidence from mouse mutants",,,,,,,,,,,
strongly suggests this is a bona fide HPS-associated mutation,,,,,,,,,,,
