locus_id,paper,rsid_reported,primary_rsid,nearest_gene_label,gene_assignment_basis_original,author_explanation_status,coord_build,resolved_causal_gene,resolution_basis,resolution_basis_detail,confidence,evidence_value,connector_accession,eqtl_tissue,eqtl_tissue_class,l2g_top_gene,l2g_top_score,l2g_trait,l2g_trait_is_pigmentation,most_severe_consequence,variant_id_grch38,notes,query_utc,build_note
chr9 ~12.69Mb TYRP1 (GG background) — rep rs2733836; Meyer2020 candidates rs62538956 (genome-wide sig here) and rs35866166 (nominal) map to same signal,Abbatangelo2026,rs2733836 (meta-lead/COJO-independent GG signal); Meyer candidate rs62538956 also genome-wide significant here (P=5.01E-09); rs35866166 nominal,rs2733836,TYRP1,nearest_gene,stated_unknown,"chr9:12692252 (rs2733836, GRCh37/hg19)",TYRP1,same_as_reported,L2G,high,L2G score=0.864; trait=Squamous cell carcinoma (MTAG),OpenTargets:9_12692252_T_G|study=GCST90137412|studyLocusId=5f8746eefa596f3ad194893d83935c61,,,TYRP1,0.8635045289993286,Squamous cell carcinoma (MTAG),True,intron_variant,9_12692252_T_G,,2026-07-12T02:43:45.868074Z,"input coord_build recorded per-locus (mostly GRCh37/hg19); OT variant_id_grch38 and dbSNP GRCh38 coords are GRCh38 - no liftover step performed for this table, cross-build comparisons noted explicitly where made (e.g., LD via Ensembl GRCh37 REST for hg19-anchored SNPs)"
"chr9 ~12.60-12.70Mb TYRP1 (AA+AG background) — rep rs7853779; 6-SNP cluster (rs7853779, rs10960723, rs713596, rs2762457, rs2762460, rs2733831)",Abbatangelo2026,rs7853779 (meta-lead/COJO-independent AA+AG signal); 6-SNP FINEMAP credible set,rs7853779,TYRP1,nearest_gene,stated_unknown,"chr9:12612893 (rs7853779, GRCh37/hg19)",TYRP1,same_as_reported,L2G,high,L2G score=0.836; trait=Eye color (brightness),OpenTargets:9_12612893_A_G|study=GCST007455|studyLocusId=07de577bfa433192e0272d8c77cbeb12,,,TYRP1,0.8359713554382324,Eye color (brightness),True,upstream_gene_variant,9_12612893_A_G,,2026-07-12T02:43:45.868074Z,"input coord_build recorded per-locus (mostly GRCh37/hg19); OT variant_id_grch38 and dbSNP GRCh38 coords are GRCh38 - no liftover step performed for this table, cross-build comparisons noted explicitly where made (e.g., LD via Ensembl GRCh37 REST for hg19-anchored SNPs)"
"rs79380392 (chr15 HERC2 intronic, AA+AG background, 3rd credible set — sub-genome-wide)",Abbatangelo2026,rs79380392,rs79380392,HERC2,nearest_gene,nearest_gene_only,chr15:28409219 (GRCh37/hg19),,unresolved,,none,,,,,,,,False,,,"n_credible_sets=0; consequence=None; dbsnp_genes=['HERC2'] | Zero OT credible sets; dbSNP confirms HERC2 intron; LD to rs12913832 (canonical HERC2/OCA2 SNP) is weak (r2=0.10, CEU) — insufficient for LD-rescue — unresolved.",2026-07-12T02:43:45.868074Z,"input coord_build recorded per-locus (mostly GRCh37/hg19); OT variant_id_grch38 and dbSNP GRCh38 coords are GRCh38 - no liftover step performed for this table, cross-build comparisons noted explicitly where made (e.g., LD via Ensembl GRCh37 REST for hg19-anchored SNPs)"
"OCA2 — Salvo2023 AA+AG→blue candidate retests (rep rs72714116; also rs78544415 ns, rs74409036 absent)",Abbatangelo2026,"rs72714116 (P=1.45E-07, below genome-wide); rs78544415 (P=7.47E-02, ns); rs74409036 (absent — not imputed / failed MAF QC)",rs72714116,OCA2,reported_by_paper,nearest_gene_only,not_reported (coordinates not tabulated in this paper),OCA2,same_as_reported,L2G,high,"L2G score=0.840; trait=Hair colour (natural, before greying): Blonde (UKB data field 1747_1)",OpenTargets:15_28083061_C_T|study=GCST90041836|studyLocusId=adda86de9a32b1775521b6072c6bf877,,,OCA2,0.8401805758476257,"Hair colour (natural, before greying): Blonde (UKB data field 1747_1)",True,intron_variant,15_28083061_C_T,,2026-07-12T02:43:45.868074Z,"input coord_build recorded per-locus (mostly GRCh37/hg19); OT variant_id_grch38 and dbSNP GRCh38 coords are GRCh38 - no liftover step performed for this table, cross-build comparisons noted explicitly where made (e.g., LD via Ensembl GRCh37 REST for hg19-anchored SNPs)"
"HERC2 — Salvo2023 AA+AG→blue candidate retests (rs191109490, rs551217952 — both absent/failed MAF QC)",Abbatangelo2026,"rs191109490, rs551217952",rs191109490,HERC2,reported_by_paper,nearest_gene_only,not_reported (coordinates not tabulated in this paper),,unresolved,,none,,,,,,,,False,,,n_credible_sets=0; consequence=None; dbsnp_genes=['HERC2'] | Zero OT credible sets; dbSNP places variant in HERC2 intron; LD-window scan returned no rows (variant may be too rare for 1000 Genomes phase 3 LD panel) — unresolved.,2026-07-12T02:43:45.868074Z,"input coord_build recorded per-locus (mostly GRCh37/hg19); OT variant_id_grch38 and dbSNP GRCh38 coords are GRCh38 - no liftover step performed for this table, cross-build comparisons noted explicitly where made (e.g., LD via Ensembl GRCh37 REST for hg19-anchored SNPs)"
chr4 ~1.7 Mb shared homozygous albino segment (co-segregating passengers),Ang2023,"rs463373 (representative); also rs3733437, rs6826912, rs439757, rs223495, rs3733632",rs463373,EMCN / PPP3CA / SLC39A8 / MANBA / TACR3 (chr4 segment members),segment_member,nearest_gene_only,GRCh37/hg19 (b37),,unresolved,,none,,,,,,,,False,upstream_gene_variant,4_102252016_T_C,"n_credible_sets=25; consequence=upstream_gene_variant; dbsnp_genes=['SLC39A8'] | OT credible sets are QTL-only (SLC39A8, MANBA tuQTLs in fat/LCL/adipose) with no disease/pigmentation GWAS association attached to this SNP in OT; SLC39A8 is a biologically plausible candidate (zinc transporter with pigmentation-adjacent literature) but not independently confirmed here — unresolved.",2026-07-12T02:43:45.868074Z,"input coord_build recorded per-locus (mostly GRCh37/hg19); OT variant_id_grch38 and dbSNP GRCh38 coords are GRCh38 - no liftover step performed for this table, cross-build comparisons noted explicitly where made (e.g., LD via Ensembl GRCh37 REST for hg19-anchored SNPs)"
chr10 LRMDA co-segregating homozygous candidate (rs7911113),Ang2023,rs7911113,rs7911113,LRMDA,segment_member,nearest_gene_only,GRCh37/hg19 (b37),LRMDA,same_as_reported,L2G,moderate,L2G score=0.748; trait=Trunk fat mass (UKB data field 23128) [note: top-scoring credible set's GWAS trait is not itself a pigmentation trait],OpenTargets:10_75694955_A_G|study=GCST90691806|studyLocusId=0d9d7afbf0b33ddd2be12775d58e2a12,,,LRMDA,0.7483784556388855,Trunk fat mass (UKB data field 23128),False,intron_variant,10_75694955_A_G,,2026-07-12T02:43:45.868074Z,"input coord_build recorded per-locus (mostly GRCh37/hg19); OT variant_id_grch38 and dbSNP GRCh38 coords are GRCh38 - no liftover step performed for this table, cross-build comparisons noted explicitly where made (e.g., LD via Ensembl GRCh37 REST for hg19-anchored SNPs)"
chr15 OCA2 albino-haplotype tag SNPs (non-coding passengers),Ang2023,"rs1800419 (representative); also rs73375883, rs972334",rs1800419,OCA2 (non-coding/synonymous tag SNPs on albino haplotype),segment_member,nearest_gene_only,GRCh37/hg19 (b37),OCA2,same_as_reported,coding,high,most_severe_consequence=synonymous_variant,dbSNP:rs1800419,,,,,,False,synonymous_variant,15_27851392_A_G,,2026-07-12T02:43:45.868074Z,"input coord_build recorded per-locus (mostly GRCh37/hg19); OT variant_id_grch38 and dbSNP GRCh38 coords are GRCh38 - no liftover step performed for this table, cross-build comparisons noted explicitly where made (e.g., LD via Ensembl GRCh37 REST for hg19-anchored SNPs)"
"SYT6 locus, chr1 ~114.5-114.6 Mb (~20 SNPs collapsed to representative)",Ang2023,"rs116218201 (representative); cluster also rs113236485, rs115102845, rs185469828",rs116218201,SYT6 (near/downstream/intronic),nearest_gene,stated_unknown,GRCh37/hg19 (b37),,unresolved,,none,,,,,OLFML3,0.17449651658535004,Skin pigmentation,True,upstream_gene_variant,1_114068998_T_G,n_credible_sets=3; consequence=upstream_gene_variant; dbsnp_genes=[],2026-07-12T02:43:45.868074Z,"input coord_build recorded per-locus (mostly GRCh37/hg19); OT variant_id_grch38 and dbSNP GRCh38 coords are GRCh38 - no liftover step performed for this table, cross-build comparisons noted explicitly where made (e.g., LD via Ensembl GRCh37 REST for hg19-anchored SNPs)"
"KALRN locus, chr3:124343256 (rs676091)",Ang2023,rs676091,rs676091,KALRN (intronic),nearest_gene,stated_unknown,GRCh37/hg19 (b37),,unresolved,,none,,,,,,,,False,intron_variant,2_4599548_G_C,"n_credible_sets=5; consequence=intron_variant; dbsnp_genes=['KALRN'] | OT credible sets at this SNP are for chronotype/morningness GWAS traits (not pigmentation); nearest eQTL target in brain ACC is ANKRD30B (ENSG00000118004), but no pigmentation-relevant trait or coloc evidence found — locus may reflect coincidental multi-trait LD block, not a pigmentation mechanism. KALRN label unconfirmed either way.",2026-07-12T02:43:45.868074Z,"input coord_build recorded per-locus (mostly GRCh37/hg19); OT variant_id_grch38 and dbSNP GRCh38 coords are GRCh38 - no liftover step performed for this table, cross-build comparisons noted explicitly where made (e.g., LD via Ensembl GRCh37 REST for hg19-anchored SNPs)"
"LOC107986284 locus, chr4:65768709 (rs6816819)",Ang2023,rs6816819,rs6816819,LOC107986284 (intronic),nearest_gene,stated_unknown,GRCh37/hg19 (b37),TECRL,L2G,L2G,low,L2G score=0.484 (sub-threshold); trait=Skin pigmentation,OpenTargets:4_64902991_T_G|study=GCST90269962|studyLocusId=a3bf6cff130c4f93de9d2723a9dd7b07,,,TECRL,0.48421719670295715,Skin pigmentation,True,intron_variant,4_64902991_T_G,L2G score below 0.5 confidence threshold,2026-07-12T02:43:45.868074Z,"input coord_build recorded per-locus (mostly GRCh37/hg19); OT variant_id_grch38 and dbSNP GRCh38 coords are GRCh38 - no liftover step performed for this table, cross-build comparisons noted explicitly where made (e.g., LD via Ensembl GRCh37 REST for hg19-anchored SNPs)"
"POMC/EFR3B region, chr2:25329016 (rs12233134)",Ang2023,rs12233134,rs12233134,EFR3B (near POMC),reported_by_paper,nearest_gene_only,GRCh37/hg19 (b37),,unresolved,,none,,,,,,,,False,,,"n_credible_sets=0; consequence=None; dbsnp_genes=['EFR3B', 'EFR3B'] | Zero OT credible sets returned for this variant (absent from GWAS Catalog credible-set index); dbSNP places it in EFR3B intron near POMC; LD-window scan (500kb, CEU) found no linkage to any known pigmentation-anchor SNP — unresolved.",2026-07-12T02:43:45.868074Z,"input coord_build recorded per-locus (mostly GRCh37/hg19); OT variant_id_grch38 and dbSNP GRCh38 coords are GRCh38 - no liftover step performed for this table, cross-build comparisons noted explicitly where made (e.g., LD via Ensembl GRCh37 REST for hg19-anchored SNPs)"
"IRF4 region, chr6:~0.46 Mb (rs4959270 / rs1540771)",Ang2023,rs4959270 (also rs1540771),rs4959270,near IRF4,reported_by_paper,nearest_gene_only,GRCh37/hg19 (b37),IRF4,same_as_reported,L2G,moderate,L2G score=0.712; trait=Rheumatoid arthritis [note: top-scoring credible set's GWAS trait is not itself a pigmentation trait],OpenTargets:6_457748_C_A|study=GCST90132222|studyLocusId=7aa04cd95f63ecf3059c7f80b118dcc2,,,IRF4,0.7115956544876099,Rheumatoid arthritis,False,intron_variant,6_457748_C_A,,2026-07-12T02:43:45.868074Z,"input coord_build recorded per-locus (mostly GRCh37/hg19); OT variant_id_grch38 and dbSNP GRCh38 coords are GRCh38 - no liftover step performed for this table, cross-build comparisons noted explicitly where made (e.g., LD via Ensembl GRCh37 REST for hg19-anchored SNPs)"
"OPRM1 region, chr6:~154.66-154.72 Mb (IPCEF1 rs2333857 / CNKSR3 rs6917661)",Ang2023,rs6917661 (representative); also rs2333857,rs6917661,IPCEF1 / CNKSR3 (near OPRM1),reported_by_paper,nearest_gene_only,GRCh37/hg19 (b37),CNKSR3,eQTL_coloc,eQTL_coloc,lower_confidence_tissue_mismatch,"direct cis-eQTL association at lead SNP (not formal GWAS-QTL colocalization): TwinsUK bulk skin, gene=CNKSR3 (ENSG00000153721), p=9.16e-08, beta=0.428, nlog10p=7.04; GTEx skin sun-exposed, gene=IPCEF1 (ENSG00000074706), p=9.72e-09, nlog10p=8.01 — two candidate targets in different bulk-skin datasets, not resolved to one gene",eQTL_Catalogue:QTD000544(TwinsUK skin)+QTD000316(GTEx skin sun-exposed)|rs6917661,TwinsUK skin (bulk); GTEx skin sun-exposed (bulk) [two disagreeing datasets],skin_bulk,,,,False,3_prime_UTR_variant,6_154400423_C_T,"Two candidate target genes (CNKSR3 vs IPCEF1) in different bulk-skin eQTL datasets — not a clean resolution; reported at low confidence and flagged for melanocyte-specific QTL follow-up. OT found zero colocalization evidence (no GWAS-pigmentation credible set overlaps this SNP in OT's index) — this call rests entirely on a direct eQTL association, which is weaker than a formal coloc test.",2026-07-12T02:43:45.868074Z,"input coord_build recorded per-locus (mostly GRCh37/hg19); OT variant_id_grch38 and dbSNP GRCh38 coords are GRCh38 - no liftover step performed for this table, cross-build comparisons noted explicitly where made (e.g., LD via Ensembl GRCh37 REST for hg19-anchored SNPs)"
"EGFR/LANCL2 region, chr7:~55.1-55.5 Mb (rs12668421 / rs11238349 / rs4948023)",Ang2023,"rs12668421 (representative); also rs11238349, rs4948023",rs12668421,EGFR / LANCL2 (near EGFR),reported_by_paper,nearest_gene_only,GRCh37/hg19 (b37),EGFR,same_as_reported,L2G,high,L2G score=0.860; trait=IDP dMRI TBSS FA Posterior limb of internal capsule R [note: top-scoring credible set's GWAS trait is not itself a pigmentation trait],OpenTargets:7_55041484_A_T|study=GCST90003895|studyLocusId=768db16ef0ec9ced7d0bfcc73ec6b024,,,EGFR,0.8596509695053101,IDP dMRI TBSS FA Posterior limb of internal capsule R,False,intron_variant,7_55041484_A_T,,2026-07-12T02:43:45.868074Z,"input coord_build recorded per-locus (mostly GRCh37/hg19); OT variant_id_grch38 and dbSNP GRCh38 coords are GRCh38 - no liftover step performed for this table, cross-build comparisons noted explicitly where made (e.g., LD via Ensembl GRCh37 REST for hg19-anchored SNPs)"
"TYRP1 region, chr9:12682663 (rs10809826)",Ang2023,rs10809826,rs10809826,TYRP1 (upstream),reported_by_paper,nearest_gene_only,GRCh37/hg19 (b37),TYRP1,same_as_reported,L2G,high,"L2G score=0.904; trait=Hair colour (natural, before greying): Black (UKB data field 1747_5)",OpenTargets:9_12682663_C_G|study=GCST90041840|studyLocusId=cdeac2fce046a612fdabdba45d80cc17,,,TYRP1,0.9043201208114624,"Hair colour (natural, before greying): Black (UKB data field 1747_5)",True,intron_variant,9_12682663_C_G,,2026-07-12T02:43:45.868074Z,"input coord_build recorded per-locus (mostly GRCh37/hg19); OT variant_id_grch38 and dbSNP GRCh38 coords are GRCh38 - no liftover step performed for this table, cross-build comparisons noted explicitly where made (e.g., LD via Ensembl GRCh37 REST for hg19-anchored SNPs)"
"BNC2 region, chr9:16864521 (rs2153271)",Ang2023,rs2153271,rs2153271,BNC2 (intronic),reported_by_paper,nearest_gene_only,GRCh37/hg19 (b37),BNC2,same_as_reported,L2G,high,L2G score=0.886; trait=Squamous cell carcinoma (MTAG),OpenTargets:9_16864523_C_T|study=GCST90137412|studyLocusId=0da412e46eaf7bfbff4ba7f9834c6307,,,BNC2,0.8863023519515991,Squamous cell carcinoma (MTAG),True,intron_variant,9_16864523_C_T,,2026-07-12T02:43:45.868074Z,"input coord_build recorded per-locus (mostly GRCh37/hg19); OT variant_id_grch38 and dbSNP GRCh38 coords are GRCh38 - no liftover step performed for this table, cross-build comparisons noted explicitly where made (e.g., LD via Ensembl GRCh37 REST for hg19-anchored SNPs)"
"EMX2 region, chr10:119564143 (rs11198112)",Ang2023,rs11198112,rs11198112,near EMX2 (intergenic),reported_by_paper,nearest_gene_only,GRCh37/hg19 (b37),RAB11FIP2,L2G,L2G,low,L2G score=0.348 (sub-threshold); trait=Facial pigmentation measurement (UV light),OpenTargets:10_117804632_C_T|study=GCST90002283|studyLocusId=b1140f4cb5e29b1bb473d925357ad110,,,RAB11FIP2,0.34782183170318604,Facial pigmentation measurement (UV light),True,upstream_gene_variant,10_117804632_C_T,L2G score below 0.5 confidence threshold,2026-07-12T02:43:45.868074Z,"input coord_build recorded per-locus (mostly GRCh37/hg19); OT variant_id_grch38 and dbSNP GRCh38 coords are GRCh38 - no liftover step performed for this table, cross-build comparisons noted explicitly where made (e.g., LD via Ensembl GRCh37 REST for hg19-anchored SNPs)"
"GRM5 (near TYR) region, chr11:88511524 (rs7118677)",Ang2023,rs7118677,rs7118677,GRM5 (near TYR),reported_by_paper,nearest_gene_only,GRCh37/hg19 (b37),GRM5,same_as_reported,L2G,moderate,L2G score=0.701; trait=Smoking initiation [note: top-scoring credible set's GWAS trait is not itself a pigmentation trait],OpenTargets:11_88778356_G_T|study=GCST90243968|studyLocusId=1f8d5297e9e28367ebaeb6bdaf87b26d,,,GRM5,0.701360285282135,Smoking initiation,False,intron_variant,11_88778356_G_T,,2026-07-12T02:43:45.868074Z,"input coord_build recorded per-locus (mostly GRCh37/hg19); OT variant_id_grch38 and dbSNP GRCh38 coords are GRCh38 - no liftover step performed for this table, cross-build comparisons noted explicitly where made (e.g., LD via Ensembl GRCh37 REST for hg19-anchored SNPs)"
"KITLG region, chr12:~89.3 Mb (rs642742 / rs12821256)",Ang2023,rs642742 (representative); also rs12821256,rs642742,KITLG (upstream),reported_by_paper,nearest_gene_only,GRCh37/hg19 (b37),,unresolved,,none,,,,,SMIM42,0.12813319265842438,"eosinophil (fraction, maximum, inv-norm transformed)",False,intron_variant,1_158114801_A_G,n_credible_sets=4; consequence=intron_variant; dbsnp_genes=[],2026-07-12T02:43:45.868074Z,"input coord_build recorded per-locus (mostly GRCh37/hg19); OT variant_id_grch38 and dbSNP GRCh38 coords are GRCh38 - no liftover step performed for this table, cross-build comparisons noted explicitly where made (e.g., LD via Ensembl GRCh37 REST for hg19-anchored SNPs)"
"SLC24A4 region, chr14:92773663 (rs12896399)",Ang2023,rs12896399,rs12896399,near SLC24A4 (intronic),reported_by_paper,nearest_gene_only,GRCh37/hg19 (b37),SLC24A4,same_as_reported,L2G,high,"L2G score=0.810; trait=white blood cell count (WBC, maximum, inv-norm transformed) [note: top-scoring credible set's GWAS trait is not itself a pigmentation trait]",OpenTargets:14_92307319_G_T|study=GCST90476451|studyLocusId=55e2693ff1a0a922374cafc155082c20,,,SLC24A4,0.8102446794509888,"white blood cell count (WBC, maximum, inv-norm transformed)",False,intron_variant,14_92307319_G_T,,2026-07-12T02:43:45.868074Z,"input coord_build recorded per-locus (mostly GRCh37/hg19); OT variant_id_grch38 and dbSNP GRCh38 coords are GRCh38 - no liftover step performed for this table, cross-build comparisons noted explicitly where made (e.g., LD via Ensembl GRCh37 REST for hg19-anchored SNPs)"
"HERC2 region, chr15:~28.4-28.5 Mb (rs12913832 / rs4778249 / rs1667394)",Ang2023,"rs4778249 (representative sig-ish); also rs12913832, rs1667394",rs4778249,HERC2 (near OCA2),reported_by_paper,nearest_gene_only,GRCh37/hg19 (b37),HERC2,same_as_reported,L2G,low,L2G score=0.316 (sub-threshold); trait=Eye color (saturation),OpenTargets:15_28135372_T_A|study=GCST007457|studyLocusId=6d7bd95971c14d6661670a4adf765719,,,HERC2,0.31645020842552185,Eye color (saturation),True,intron_variant,15_28135372_T_A,L2G score below 0.5 confidence threshold,2026-07-12T02:43:45.868074Z,"input coord_build recorded per-locus (mostly GRCh37/hg19); OT variant_id_grch38 and dbSNP GRCh38 coords are GRCh38 - no liftover step performed for this table, cross-build comparisons noted explicitly where made (e.g., LD via Ensembl GRCh37 REST for hg19-anchored SNPs)"
"ATRN region, chr20:3625436 (rs562926)",Ang2023,rs562926,rs562926,ATRN (intronic/downstream),reported_by_paper,nearest_gene_only,GRCh37/hg19 (b37),,unresolved,,none,,,,,,,,False,upstream_gene_variant,18_14690410_T_G,"n_credible_sets=1; consequence=upstream_gene_variant; dbsnp_genes=['ATRN', 'ATRN'] | Only 1 OT credible set at this SNP, an ROSMAP brain-exon eQTL for ANKRD30B (ENSG00000180777), unrelated trait; no pigmentation GWAS credible set or coloc evidence for ATRN found.",2026-07-12T02:43:45.868074Z,"input coord_build recorded per-locus (mostly GRCh37/hg19); OT variant_id_grch38 and dbSNP GRCh38 coords are GRCh38 - no liftover step performed for this table, cross-build comparisons noted explicitly where made (e.g., LD via Ensembl GRCh37 REST for hg19-anchored SNPs)"
"ASIP/AHCY region, chr20:32856998 (rs6058017)",Ang2023,rs6058017,rs6058017,ASIP/AHCY (3'UTR/intron),reported_by_paper,nearest_gene_only,GRCh37/hg19 (b37),ASIP,same_as_reported,L2G,moderate,"L2G score=0.628; trait=Hair colour (natural, before greying): Dark brown (UKB data field 1747_4)",OpenTargets:20_34269192_A_G|study=GCST90041839|studyLocusId=c67e882a73da6cb26d83e3b2eb79ab83,,,ASIP,0.6277134418487549,"Hair colour (natural, before greying): Dark brown (UKB data field 1747_4)",True,3_prime_UTR_variant,20_34269192_A_G,,2026-07-12T02:43:45.868074Z,"input coord_build recorded per-locus (mostly GRCh37/hg19); OT variant_id_grch38 and dbSNP GRCh38 coords are GRCh38 - no liftover step performed for this table, cross-build comparisons noted explicitly where made (e.g., LD via Ensembl GRCh37 REST for hg19-anchored SNPs)"
rs1800407 (OCA2),Kastelic2013,rs1800407,rs1800407,OCA2,panel_marker,nearest_gene_only,,OCA2,same_as_reported,coding,high,most_severe_consequence=missense_variant,dbSNP:rs1800407,,,OCA2,0.945336103439331,Seborrheic keratosis (PheCode 702.2),False,missense_variant,15_27985172_C_T,,2026-07-12T02:43:45.868074Z,"input coord_build recorded per-locus (mostly GRCh37/hg19); OT variant_id_grch38 and dbSNP GRCh38 coords are GRCh38 - no liftover step performed for this table, cross-build comparisons noted explicitly where made (e.g., LD via Ensembl GRCh37 REST for hg19-anchored SNPs)"
rs16891982 (SLC45A2),Kastelic2013,rs16891982,rs16891982,SLC45A2,panel_marker,nearest_gene_only,,SLC45A2,same_as_reported,coding,high,most_severe_consequence=missense_variant,dbSNP:rs16891982,,,SLC45A2,0.8772926926612854,"height (minimum, inv-normal transformed)",False,missense_variant,5_33951588_C_G,,2026-07-12T02:43:45.868074Z,"input coord_build recorded per-locus (mostly GRCh37/hg19); OT variant_id_grch38 and dbSNP GRCh38 coords are GRCh38 - no liftover step performed for this table, cross-build comparisons noted explicitly where made (e.g., LD via Ensembl GRCh37 REST for hg19-anchored SNPs)"
rs1393350 (TYR),Kastelic2013,rs1393350,rs1393350,TYR,panel_marker,nearest_gene_only,,TYR,same_as_reported,L2G,high,L2G score=0.916; trait=Actinic keratosis,OpenTargets:11_89277878_G_A|study=FINNGEN_R12_L12_ACTINKERA|studyLocusId=29992bfa07cb7c39be92b1c29a50b5fb,,,TYR,0.9160731434822083,Actinic keratosis,True,intron_variant,11_89277878_G_A,,2026-07-12T02:43:45.868074Z,"input coord_build recorded per-locus (mostly GRCh37/hg19); OT variant_id_grch38 and dbSNP GRCh38 coords are GRCh38 - no liftover step performed for this table, cross-build comparisons noted explicitly where made (e.g., LD via Ensembl GRCh37 REST for hg19-anchored SNPs)"
rs12896399 (SLC24A4),Kastelic2013,rs12896399,rs12896399,SLC24A4,panel_marker,nearest_gene_only,,SLC24A4,same_as_reported,L2G,high,"L2G score=0.810; trait=white blood cell count (WBC, maximum, inv-norm transformed) [note: top-scoring credible set's GWAS trait is not itself a pigmentation trait]",OpenTargets:14_92307319_G_T|study=GCST90476451|studyLocusId=55e2693ff1a0a922374cafc155082c20,,,SLC24A4,0.8102446794509888,"white blood cell count (WBC, maximum, inv-norm transformed)",False,intron_variant,14_92307319_G_T,,2026-07-12T02:43:45.868074Z,"input coord_build recorded per-locus (mostly GRCh37/hg19); OT variant_id_grch38 and dbSNP GRCh38 coords are GRCh38 - no liftover step performed for this table, cross-build comparisons noted explicitly where made (e.g., LD via Ensembl GRCh37 REST for hg19-anchored SNPs)"
rs12203592 (IRF4),Kastelic2013,rs12203592,rs12203592,IRF4,panel_marker,nearest_gene_only,,IRF4,same_as_reported,L2G,high,L2G score=0.908; trait=Degenerative skin conditions and other dermatoses (PheCode 702) [note: top-scoring credible set's GWAS trait is not itself a pigmentation trait],OpenTargets:6_396321_C_T|study=GCST90476201|studyLocusId=080ddea3a63c05e2c9a2f3e5f0888dbc,,,IRF4,0.9083518981933594,Degenerative skin conditions and other dermatoses (PheCode 702),False,intron_variant,6_396321_C_T,,2026-07-12T02:43:45.868074Z,"input coord_build recorded per-locus (mostly GRCh37/hg19); OT variant_id_grch38 and dbSNP GRCh38 coords are GRCh38 - no liftover step performed for this table, cross-build comparisons noted explicitly where made (e.g., LD via Ensembl GRCh37 REST for hg19-anchored SNPs)"
"TYRP1 rs62538956 (chr9:12,679,244)","Meyer et al. 2020,",rs62538956,rs62538956,TYRP1,regulatory,stated_unknown,"GRCh37/hg19 chr9:12,679,244 (melanocyte-specific enhancer, ~14 kb upstream of TYRP1)",TYRP1,same_as_reported,L2G,high,L2G score=0.821; trait=Refractive error [note: top-scoring credible set's GWAS trait is not itself a pigmentation trait],OpenTargets:9_12679244_T_C|study=GCST010002|studyLocusId=1f7c5f7ea2428f65ac6abcd94907e7e5,,,TYRP1,0.8214108943939209,Refractive error,False,intron_variant,9_12679244_T_C,,2026-07-12T02:43:45.868074Z,"input coord_build recorded per-locus (mostly GRCh37/hg19); OT variant_id_grch38 and dbSNP GRCh38 coords are GRCh38 - no liftover step performed for this table, cross-build comparisons noted explicitly where made (e.g., LD via Ensembl GRCh37 REST for hg19-anchored SNPs)"
"TYRP1 rs1408799 (chr9:12,672,097)","Meyer et al. 2020,",rs1408799,rs1408799,TYRP1,reported_by_paper,nearest_gene_only,"GRCh37/hg19 chr9:12,672,097",TYRP1,same_as_reported,L2G,high,L2G score=0.843; trait=Blue vs. green eyes [note: top-scoring credible set's GWAS trait is not itself a pigmentation trait],OpenTargets:9_12672097_T_C|study=GCST000192|studyLocusId=47cf2338b4791a20fd92c3cf1d5e5ff8,,,TYRP1,0.8433771729469299,Blue vs. green eyes,False,intron_variant,9_12672097_T_C,,2026-07-12T02:43:45.868074Z,"input coord_build recorded per-locus (mostly GRCh37/hg19); OT variant_id_grch38 and dbSNP GRCh38 coords are GRCh38 - no liftover step performed for this table, cross-build comparisons noted explicitly where made (e.g., LD via Ensembl GRCh37 REST for hg19-anchored SNPs)"
"TYR region LD cluster (chr11 ~88.5-89.0 Mb), representative rs17184781","Meyer et al. 2020,",rs17184781 (representative of ~96 TYR variants; 18 TYR tag-SNPs),rs17184781,TYR,segment_member,nearest_gene_only,"GRCh37/hg19 chr11:88,547,978-89,046,386 (targeted region); rep rs17184781 at 11:88,563,031",GRM5,L2G,L2G,high,L2G score=0.757; trait=ICD10 L57: Skin changes due to chronic exposure to nonionising radiation [note: top-scoring credible set's GWAS trait is not itself a pigmentation trait],OpenTargets:11_88829863_G_A|study=GCST90473950|studyLocusId=b3af28559cf906d25b97eccac304afe9,,,GRM5,0.7572834491729736,ICD10 L57: Skin changes due to chronic exposure to nonionising radiation,False,intron_variant,11_88829863_G_A,,2026-07-12T02:43:45.868074Z,"input coord_build recorded per-locus (mostly GRCh37/hg19); OT variant_id_grch38 and dbSNP GRCh38 coords are GRCh38 - no liftover step performed for this table, cross-build comparisons noted explicitly where made (e.g., LD via Ensembl GRCh37 REST for hg19-anchored SNPs)"
"SLC24A4 region LD cluster (chr14 ~92.85-92.94 Mb), representative rs10594259","Meyer et al. 2020,",rs10594259 (representative of 65 SLC24A4 variants; 8 SLC24A4 tag-SNPs),rs10594259,SLC24A4,segment_member,stated_unknown,"GRCh37/hg19 chr14:92,755,906-92,967,828 (targeted region); rep rs10594259 at 14:92,916,729",,unresolved,,none,,,,,,,,False,,,n_credible_sets=0; consequence=None; dbsnp_genes=['SLC24A4'] | Zero OT credible sets (variant likely too rare/not genome-wide-significant in indexed studies); dbSNP confirms SLC24A4 intron (matches reported label) but LD-window scan found no additional independent evidence — unresolved (positional label not independently corroborated).,2026-07-12T02:43:45.868074Z,"input coord_build recorded per-locus (mostly GRCh37/hg19); OT variant_id_grch38 and dbSNP GRCh38 coords are GRCh38 - no liftover step performed for this table, cross-build comparisons noted explicitly where made (e.g., LD via Ensembl GRCh37 REST for hg19-anchored SNPs)"
"TYRP1 region LD cluster (chr9 ~12.67-12.71 Mb), representative rs59334502","Meyer et al. 2020,",rs59334502 (representative of 39 TYRP1 variants; 6 TYRP1 tag-SNPs),rs59334502,TYRP1,segment_member,nearest_gene_only,"GRCh37/hg19 chr9:12,668,608-12,710,455 (targeted region); rep rs59334502 at 9:12,668,996",,unresolved,,none,,,,,,,,False,,,"n_credible_sets=0; consequence=None; dbsnp_genes=[] | Zero OT credible sets; dbSNP found no overlapping gene; LD-window scan (500kb, CEU) shows weak LD (r2=0.19-0.24) with TYRP1-region SNPs rs10809826/rs1408799, insufficient for LD-rescue (r2<0.5 threshold) — unresolved.",2026-07-12T02:43:45.868074Z,"input coord_build recorded per-locus (mostly GRCh37/hg19); OT variant_id_grch38 and dbSNP GRCh38 coords are GRCh38 - no liftover step performed for this table, cross-build comparisons noted explicitly where made (e.g., LD via Ensembl GRCh37 REST for hg19-anchored SNPs)"
SLC24A4 rs12896399 (IrisPlex marker) — did not meet inclusion,"Meyer et al. 2020,",rs12896399,rs12896399,SLC24A4,panel_marker,stated_unknown,GRCh37/hg19 chr14 (SLC24A4 region; IrisPlex predictive SNP),SLC24A4,same_as_reported,L2G,high,"L2G score=0.810; trait=white blood cell count (WBC, maximum, inv-norm transformed) [note: top-scoring credible set's GWAS trait is not itself a pigmentation trait]",OpenTargets:14_92307319_G_T|study=GCST90476451|studyLocusId=55e2693ff1a0a922374cafc155082c20,,,SLC24A4,0.8102446794509888,"white blood cell count (WBC, maximum, inv-norm transformed)",False,intron_variant,14_92307319_G_T,,2026-07-12T02:43:45.868074Z,"input coord_build recorded per-locus (mostly GRCh37/hg19); OT variant_id_grch38 and dbSNP GRCh38 coords are GRCh38 - no liftover step performed for this table, cross-build comparisons noted explicitly where made (e.g., LD via Ensembl GRCh37 REST for hg19-anchored SNPs)"
"rs34357723 (MC1R-region regulatory signal, ~97 kb 5' of MC1R)",Morgan2018,rs34357723,rs34357723,FANCA/SPIRE2 (nearest-gene label; functional target = MC1R regulation),regulatory,nearest_gene_only,chr16:89886519 (GRCh37/hg19),SPIRE2,same_as_reported,L2G,moderate,"L2G score=0.628; trait=Hair colour (natural, before greying): Other (UKB data field 1747_6)",OpenTargets:16_89820111_C_T|study=GCST90041841|studyLocusId=8f17c4b2938a54e7156e78b11bf5ebd6,,,SPIRE2,0.6282901167869568,"Hair colour (natural, before greying): Other (UKB data field 1747_6)",True,upstream_gene_variant,16_89820111_C_T,,2026-07-12T02:43:45.868074Z,"input coord_build recorded per-locus (mostly GRCh37/hg19); OT variant_id_grch38 and dbSNP GRCh38 coords are GRCh38 - no liftover step performed for this table, cross-build comparisons noted explicitly where made (e.g., LD via Ensembl GRCh37 REST for hg19-anchored SNPs)"
rs6876712 (MSX2 / MSX2-LTO1 region),Morgan2018,rs6876712,rs6876712,MSX2 (MSX2/LTO1 candidate),nearest_gene,nearest_gene_only,chr5:173976115 (GRCh37/hg19),MSX2,same_as_reported,L2G,high,L2G score=0.785; trait=Red vs. brown/black hair color,OpenTargets:5_174549112_T_A|study=GCST006986|studyLocusId=04905d03608c0287c37c2a3c0eba5352,,,MSX2,0.7852293848991394,Red vs. brown/black hair color,True,upstream_gene_variant,5_174549112_T_A,,2026-07-12T02:43:45.868074Z,"input coord_build recorded per-locus (mostly GRCh37/hg19); OT variant_id_grch38 and dbSNP GRCh38 coords are GRCh38 - no liftover step performed for this table, cross-build comparisons noted explicitly where made (e.g., LD via Ensembl GRCh37 REST for hg19-anchored SNPs)"
rs9463733 (PKHD1 region),Morgan2018,rs9463733,rs9463733,PKHD1,nearest_gene,nearest_gene_only,chr6:51722693 (GRCh37/hg19),PKHD1,same_as_reported,L2G,high,L2G score=0.794; trait=Skin colour (UKB data field 1717),OpenTargets:6_51857895_A_G|study=GCST90692799|studyLocusId=0cd806f101c0d9b61ffb716d1ff3eb4d,,,PKHD1,0.793714165687561,Skin colour (UKB data field 1717),True,intron_variant,6_51857895_A_G,,2026-07-12T02:43:45.868074Z,"input coord_build recorded per-locus (mostly GRCh37/hg19); OT variant_id_grch38 and dbSNP GRCh38 coords are GRCh38 - no liftover step performed for this table, cross-build comparisons noted explicitly where made (e.g., LD via Ensembl GRCh37 REST for hg19-anchored SNPs)"
rs638640 (ORAOV1 region),Morgan2018,rs638640,rs638640,ORAOV1,nearest_gene,nearest_gene_only,chr11:69387455 (GRCh37/hg19),CCND1,L2G,L2G,moderate,"L2G score=0.575; trait=Estimated glomerular filtration rate, serum creatinine [note: top-scoring credible set's GWAS trait is not itself a pigmentation trait]",OpenTargets:11_69572687_C_T|study=GCST90692821|studyLocusId=aa7bcd84cf501aecf2d11bbb7b214434,,,CCND1,0.575279951095581,"Estimated glomerular filtration rate, serum creatinine",False,upstream_gene_variant,11_69572687_C_T,,2026-07-12T02:43:45.868074Z,"input coord_build recorded per-locus (mostly GRCh37/hg19); OT variant_id_grch38 and dbSNP GRCh38 coords are GRCh38 - no liftover step performed for this table, cross-build comparisons noted explicitly where made (e.g., LD via Ensembl GRCh37 REST for hg19-anchored SNPs)"
"rs672948 (SIK1 region, chr21)",Morgan2018,rs672948,rs672948,SIK1,nearest_gene,nearest_gene_only,chr21:44793448 (GRCh37/hg19),SIK1,same_as_reported,L2G,low,"L2G score=0.237 (sub-threshold); trait=Hair colour (natural, before greying): Black (UKB data field 1747_5)",OpenTargets:21_43373568_A_T|study=GCST90041840|studyLocusId=273fabdf7250f9b20a1f6d40b4ea4b7f,,,SIK1,0.23737843334674835,"Hair colour (natural, before greying): Black (UKB data field 1747_5)",True,upstream_gene_variant,21_43373568_A_T,L2G score below 0.5 confidence threshold,2026-07-12T02:43:45.868074Z,"input coord_build recorded per-locus (mostly GRCh37/hg19); OT variant_id_grch38 and dbSNP GRCh38 coords are GRCh38 - no liftover step performed for this table, cross-build comparisons noted explicitly where made (e.g., LD via Ensembl GRCh37 REST for hg19-anchored SNPs)"
chr16 region within ~1 Mb of MC1R (21 conditional synthetic-association signals),Morgan2018,21 signals (not individually enumerated in extract),,MC1R region (multiple positional labels),segment_member,stated_unknown,"chr16, up to ~1 Mb from MC1R (GRCh37/hg19)",,unresolved,,none,,,,,,,,,,,no queryable rsID extracted from locus record,2026-07-12T02:43:45.868074Z,"input coord_build recorded per-locus (mostly GRCh37/hg19); OT variant_id_grch38 and dbSNP GRCh38 coords are GRCh38 - no liftover step performed for this table, cross-build comparisons noted explicitly where made (e.g., LD via Ensembl GRCh37 REST for hg19-anchored SNPs)"
rs1800407,Pospiech2016,rs1800407,rs1800407,OCA2,panel_marker,nearest_gene_only,not_reported (rsIDs given; no genomic coordinates or assembly printed),OCA2,same_as_reported,coding,high,most_severe_consequence=missense_variant,dbSNP:rs1800407,,,OCA2,0.945336103439331,Seborrheic keratosis (PheCode 702.2),False,missense_variant,15_27985172_C_T,,2026-07-12T02:43:45.868074Z,"input coord_build recorded per-locus (mostly GRCh37/hg19); OT variant_id_grch38 and dbSNP GRCh38 coords are GRCh38 - no liftover step performed for this table, cross-build comparisons noted explicitly where made (e.g., LD via Ensembl GRCh37 REST for hg19-anchored SNPs)"
rs12896399,Pospiech2016,rs12896399,rs12896399,SLC24A4,panel_marker,nearest_gene_only,not_reported (rsIDs given; no genomic coordinates or assembly printed),SLC24A4,same_as_reported,L2G,high,"L2G score=0.810; trait=white blood cell count (WBC, maximum, inv-norm transformed) [note: top-scoring credible set's GWAS trait is not itself a pigmentation trait]",OpenTargets:14_92307319_G_T|study=GCST90476451|studyLocusId=55e2693ff1a0a922374cafc155082c20,,,SLC24A4,0.8102446794509888,"white blood cell count (WBC, maximum, inv-norm transformed)",False,intron_variant,14_92307319_G_T,,2026-07-12T02:43:45.868074Z,"input coord_build recorded per-locus (mostly GRCh37/hg19); OT variant_id_grch38 and dbSNP GRCh38 coords are GRCh38 - no liftover step performed for this table, cross-build comparisons noted explicitly where made (e.g., LD via Ensembl GRCh37 REST for hg19-anchored SNPs)"
rs16891982,Pospiech2016,rs16891982,rs16891982,SLC45A2,panel_marker,nearest_gene_only,not_reported (rsIDs given; no genomic coordinates or assembly printed),SLC45A2,same_as_reported,coding,high,most_severe_consequence=missense_variant,dbSNP:rs16891982,,,SLC45A2,0.8772926926612854,"height (minimum, inv-normal transformed)",False,missense_variant,5_33951588_C_G,,2026-07-12T02:43:45.868074Z,"input coord_build recorded per-locus (mostly GRCh37/hg19); OT variant_id_grch38 and dbSNP GRCh38 coords are GRCh38 - no liftover step performed for this table, cross-build comparisons noted explicitly where made (e.g., LD via Ensembl GRCh37 REST for hg19-anchored SNPs)"
rs1393350,Pospiech2016,rs1393350,rs1393350,TYR,panel_marker,stated_unknown,not_reported (rsIDs given; no genomic coordinates or assembly printed),TYR,same_as_reported,L2G,high,L2G score=0.916; trait=Actinic keratosis,OpenTargets:11_89277878_G_A|study=FINNGEN_R12_L12_ACTINKERA|studyLocusId=29992bfa07cb7c39be92b1c29a50b5fb,,,TYR,0.9160731434822083,Actinic keratosis,True,intron_variant,11_89277878_G_A,,2026-07-12T02:43:45.868074Z,"input coord_build recorded per-locus (mostly GRCh37/hg19); OT variant_id_grch38 and dbSNP GRCh38 coords are GRCh38 - no liftover step performed for this table, cross-build comparisons noted explicitly where made (e.g., LD via Ensembl GRCh37 REST for hg19-anchored SNPs)"
rs12203592,Pospiech2016,rs12203592,rs12203592,IRF4,panel_marker,stated_unknown,not_reported (rsIDs given; no genomic coordinates or assembly printed),IRF4,same_as_reported,L2G,high,L2G score=0.908; trait=Degenerative skin conditions and other dermatoses (PheCode 702) [note: top-scoring credible set's GWAS trait is not itself a pigmentation trait],OpenTargets:6_396321_C_T|study=GCST90476201|studyLocusId=080ddea3a63c05e2c9a2f3e5f0888dbc,,,IRF4,0.9083518981933594,Degenerative skin conditions and other dermatoses (PheCode 702),False,intron_variant,6_396321_C_T,,2026-07-12T02:43:45.868074Z,"input coord_build recorded per-locus (mostly GRCh37/hg19); OT variant_id_grch38 and dbSNP GRCh38 coords are GRCh38 - no liftover step performed for this table, cross-build comparisons noted explicitly where made (e.g., LD via Ensembl GRCh37 REST for hg19-anchored SNPs)"
Gender/Sex (non-genetic covariate),Pospiech2016,,,n/a (sex),reported_by_paper,stated_unknown,,,unresolved,,none,,,,,,,,,,,no queryable rsID extracted from locus record,2026-07-12T02:43:45.868074Z,"input coord_build recorded per-locus (mostly GRCh37/hg19); OT variant_id_grch38 and dbSNP GRCh38 coords are GRCh38 - no liftover step performed for this table, cross-build comparisons noted explicitly where made (e.g., LD via Ensembl GRCh37 REST for hg19-anchored SNPs)"
OCA2-region SNP cluster (6 of 8 tested; rsIDs in suppl. table S4),Yang2016,"not_reported (6 SNPs; IDs in supplementary table S4, not obtained)",,OCA2,segment_member,nearest_gene_only,"not_reported (OCA2 region, 344.5 kb resequenced)",,unresolved,,none,,,,,,,,,,,no queryable rsID extracted from locus record,2026-07-12T02:43:45.868074Z,"input coord_build recorded per-locus (mostly GRCh37/hg19); OT variant_id_grch38 and dbSNP GRCh38 coords are GRCh38 - no liftover step performed for this table, cross-build comparisons noted explicitly where made (e.g., LD via Ensembl GRCh37 REST for hg19-anchored SNPs)"
OCA2/HERC2 intronic rs74409036 novel blue-eye candidate,Salvo2023,rs74409036,rs74409036,OCA2/HERC2 intronic,regulatory,nearest_gene_only,chr15 GRCh38,OCA2,same_as_reported,L2G,moderate,L2G score=0.670; trait=Age started wearing glasses or contact lenses (UKB data field 2217) [note: top-scoring credible set's GWAS trait is not itself a pigmentation trait],OpenTargets:15_27818606_G_A|study=GCST90692766|studyLocusId=1ed3ee4b172438333962674cda14b958,,,OCA2,0.6696415543556213,Age started wearing glasses or contact lenses (UKB data field 2217),False,intron_variant,15_27818606_G_A,,2026-07-12T02:43:45.868074Z,"input coord_build recorded per-locus (mostly GRCh37/hg19); OT variant_id_grch38 and dbSNP GRCh38 coords are GRCh38 - no liftover step performed for this table, cross-build comparisons noted explicitly where made (e.g., LD via Ensembl GRCh37 REST for hg19-anchored SNPs)"
OCA2/HERC2 intronic rs78544415 novel blue-eye candidate,Salvo2023,rs78544415,rs78544415,OCA2/HERC2 intronic,regulatory,stated_unknown,chr15 GRCh38,,unresolved,,none,,,,,,,,False,,,"n_credible_sets=0; consequence=None; dbsnp_genes=['OCA2'] | Zero OT credible sets; dbSNP genes=OCA2 (intronic, non-coding); LD-window scan (500kb) found no linkage to canonical OCA2/HERC2 GWAS SNPs — unresolved; author's own compound label (OCA2/HERC2 intronic) already flags positional ambiguity.",2026-07-12T02:43:45.868074Z,"input coord_build recorded per-locus (mostly GRCh37/hg19); OT variant_id_grch38 and dbSNP GRCh38 coords are GRCh38 - no liftover step performed for this table, cross-build comparisons noted explicitly where made (e.g., LD via Ensembl GRCh37 REST for hg19-anchored SNPs)"
OCA2/HERC2 intronic rs72714116 novel blue-eye candidate,Salvo2023,rs72714116,rs72714116,OCA2/HERC2 intronic,regulatory,stated_unknown,chr15 GRCh38,OCA2,same_as_reported,L2G,high,"L2G score=0.840; trait=Hair colour (natural, before greying): Blonde (UKB data field 1747_1)",OpenTargets:15_28083061_C_T|study=GCST90041836|studyLocusId=adda86de9a32b1775521b6072c6bf877,,,OCA2,0.8401805758476257,"Hair colour (natural, before greying): Blonde (UKB data field 1747_1)",True,intron_variant,15_28083061_C_T,,2026-07-12T02:43:45.868074Z,"input coord_build recorded per-locus (mostly GRCh37/hg19); OT variant_id_grch38 and dbSNP GRCh38 coords are GRCh38 - no liftover step performed for this table, cross-build comparisons noted explicitly where made (e.g., LD via Ensembl GRCh37 REST for hg19-anchored SNPs)"
OCA2/HERC2 intronic rs551217952 novel blue-eye candidate,Salvo2023,rs551217952,rs551217952,OCA2/HERC2 intronic,regulatory,stated_unknown,chr15 GRCh38,,unresolved,,none,,,,,,,,False,,,"n_credible_sets=0; consequence=None; dbsnp_genes=['HERC2', 'HERC2'] | Zero OT credible sets; dbSNP genes=HERC2; LD-window scan returned no rows — unresolved.",2026-07-12T02:43:45.868074Z,"input coord_build recorded per-locus (mostly GRCh37/hg19); OT variant_id_grch38 and dbSNP GRCh38 coords are GRCh38 - no liftover step performed for this table, cross-build comparisons noted explicitly where made (e.g., LD via Ensembl GRCh37 REST for hg19-anchored SNPs)"
