source_set,locus_label,author_attributed_gene,is_canonical_effector_gene,is_martin2017_novel_discovery,is_null_replication_of_other_paper_locus,lead_rsid,chr,pos_hg19,coord_build,anc_allele,der_allele,p_khomani,p_nama,p_joint,p_joint_str,genome_wide_significant,gws_threshold,significance_tier,beta_khomani,beta_nama,beta_joint,beta_units,freq_khomani,freq_nama,freq_joint,der_freq_khomani,der_freq_joint,allele_n_khomani,allele_n_nama,allele_n_joint,freq_San_specific,freq_San_specific_CI95,freq_WAFR,freq_NEUR,wafr_source,neur_source,khoesan_dataset_flag,reseq_flag,pegasus_p_khomani_intersect,baseline_skin_color_phenotype_in_orig_study,original_phenotype_described,original_discovery_reference,original_discovery_population,attribution_basis,effector_status,evidence_quote,classification_notes,source_location,extraction_method,notes
known_locus_replication_Table2_S6A,VASH2 rs3002288,VASH2,False,False,True,rs3002288,1.0,213126565.0,GRCh37/hg19,G,A,0.767291,0.443387,0.700392,0.700392,False,p < 5e-8,not_significant,0.354261,-1.02184,-0.356943,M index scale (log10[1/%red reflectance]); per derived allele; additive linear-mixed model with European+Bantu admixture fixed effects and REAP kinship random effect,0.1086,0.1279,0.1162,,,534.0,344.0,878.0,0.0143779,"[0.01,0.05]",0.03,0.47,"1000 Genomes Project phase 3: ESN, GWD, YRI, MSL populations (N=405)","1000 Genomes Project phase 3: GBR, CEU populations (N=190)",reseq,True,0.854697355781664,N,brown vs non-brown eye color,"Zhang et al, 2011",Europeans,nearest_gene_only,effector_ambiguous_near,"Not among the 4 SNPs (SLC45A2 rs16891982, KITLG rs12821256, SLC24A5 rs1426654/rs2470102) the paper's own text singles out as replicating even marginally; this row's p-value is from S6A/Table 2 only (no additional prose discussion in main text beyond the aggregate statement 'We do not replicate the vast majority of previously observed skin pigmentation associations in our dataset').",Part of the 42-SNP known-locus replication panel (Table 2/S6A); most rows in this panel do not replicate — see paper's aggregate statement in evidence_quote.,Table S6A (per-SNP association: San/W.AFR/N.EUR derived freqs; joint zKhomani+Nama linear mixed model) + main text Table 2 (p.1346) 'Replication of Previously Associated Skin Pigmentation Variants',parsed_xlsx_table+parsed_text_pdf,
known_locus_replication_Table2_S6A,UGT1A rs6742078,UGT1A,False,False,True,rs6742078,2.0,234672639.0,GRCh37/hg19,G,T,0.840382,0.445181,0.578799,0.578799,False,p < 5e-8,not_significant,-0.243842,-0.839677,-0.442231,M index scale (log10[1/%red reflectance]); per derived allele; additive linear-mixed model with European+Bantu admixture fixed effects and REAP kinship random effect,0.6033,0.4771,0.5435,,,242.0,218.0,460.0,0.604547,"[0.54,0.69]",0.47,0.29,"1000 Genomes Project phase 3: ESN, GWD, YRI, MSL populations (N=405)","1000 Genomes Project phase 3: GBR, CEU populations (N=190)",intersect,False,0.51248125577911,Y,skin pigmentation,"Jacobs et al, 2013",Europeans,nearest_gene_only,effector_ambiguous_near,"Not among the 4 SNPs (SLC45A2 rs16891982, KITLG rs12821256, SLC24A5 rs1426654/rs2470102) the paper's own text singles out as replicating even marginally; this row's p-value is from S6A/Table 2 only (no additional prose discussion in main text beyond the aggregate statement 'We do not replicate the vast majority of previously observed skin pigmentation associations in our dataset').",Part of the 42-SNP known-locus replication panel (Table 2/S6A); most rows in this panel do not replicate — see paper's aggregate statement in evidence_quote.,Table S6A (per-SNP association: San/W.AFR/N.EUR derived freqs; joint zKhomani+Nama linear mixed model) + main text Table 2 (p.1346) 'Replication of Previously Associated Skin Pigmentation Variants',parsed_xlsx_table+parsed_text_pdf,
known_locus_replication_Table2_S6A,PAPD7/POLS rs12520016,PAPD7/POLS,False,False,True,rs12520016,5.0,6767312.0,GRCh37/hg19,T,G,0.347063,0.390259,0.852735,0.852735,False,p < 5e-8,not_significant,-4.32632,2.83946,-0.49107,M index scale (log10[1/%red reflectance]); per derived allele; additive linear-mixed model with European+Bantu admixture fixed effects and REAP kinship random effect,0.01667,0.03571,0.02586,,,240.0,224.0,464.0,0.00140813,"[0.00,0.02]",0.15,0.07,"1000 Genomes Project phase 3: ESN, GWD, YRI, MSL populations (N=405)","1000 Genomes Project phase 3: GBR, CEU populations (N=190)",intersect,False,0.9205017728942,N,intermediate eye color,"Zhang et al, 2011",Europeans,nearest_gene_only,effector_ambiguous_near,"Not among the 4 SNPs (SLC45A2 rs16891982, KITLG rs12821256, SLC24A5 rs1426654/rs2470102) the paper's own text singles out as replicating even marginally; this row's p-value is from S6A/Table 2 only (no additional prose discussion in main text beyond the aggregate statement 'We do not replicate the vast majority of previously observed skin pigmentation associations in our dataset').",Part of the 42-SNP known-locus replication panel (Table 2/S6A); most rows in this panel do not replicate — see paper's aggregate statement in evidence_quote.,Table S6A (per-SNP association: San/W.AFR/N.EUR derived freqs; joint zKhomani+Nama linear mixed model) + main text Table 2 (p.1346) 'Replication of Previously Associated Skin Pigmentation Variants',parsed_xlsx_table+parsed_text_pdf,
known_locus_replication_Table2_S6A,IRF4 rs12203592,IRF4,False,False,True,rs12203592,6.0,396321.0,GRCh37/hg19,C,T,0.291606,0.295537,0.830096,0.830096,False,p < 5e-8,not_significant,-4.01717,3.29367,-0.540339,M index scale (log10[1/%red reflectance]); per derived allele; additive linear-mixed model with European+Bantu admixture fixed effects and REAP kinship random effect,0.01115,0.01744,0.01361,,,538.0,344.0,882.0,9.51924e-05,"[0.00,0.00]",0.0,0.17,"1000 Genomes Project phase 3: ESN, GWD, YRI, MSL populations (N=405)","1000 Genomes Project phase 3: GBR, CEU populations (N=190)",reseq,True,0.562077551471365,Y,"non-melanoma skin cancer, skin pigmentation, hair/skin/eye color/tanning","Zhang et al, 2011; Jacobs et al, 2013; Sulem et al, 2007",Europeans,nearest_gene_only,effector_ambiguous_near,"Not among the 4 SNPs (SLC45A2 rs16891982, KITLG rs12821256, SLC24A5 rs1426654/rs2470102) the paper's own text singles out as replicating even marginally; this row's p-value is from S6A/Table 2 only (no additional prose discussion in main text beyond the aggregate statement 'We do not replicate the vast majority of previously observed skin pigmentation associations in our dataset').",Part of the 42-SNP known-locus replication panel (Table 2/S6A); most rows in this panel do not replicate — see paper's aggregate statement in evidence_quote.,Table S6A (per-SNP association: San/W.AFR/N.EUR derived freqs; joint zKhomani+Nama linear mixed model) + main text Table 2 (p.1346) 'Replication of Previously Associated Skin Pigmentation Variants',parsed_xlsx_table+parsed_text_pdf,
known_locus_replication_Table2_S6A,6p25.3 rs1540771,6p25.3,False,False,True,rs1540771,6.0,466033.0,GRCh37/hg19,C,T,0.85194,0.94321,0.916386,0.916386,False,p < 5e-8,not_significant,0.303532,0.0914495,0.106039,M index scale (log10[1/%red reflectance]); per derived allele; additive linear-mixed model with European+Bantu admixture fixed effects and REAP kinship random effect,0.2273,0.2621,0.2433,,,242.0,206.0,448.0,0.19913,"[0.13,0.27]",0.09,0.52,"1000 Genomes Project phase 3: ESN, GWD, YRI, MSL populations (N=405)","1000 Genomes Project phase 3: GBR, CEU populations (N=190)",intersect,False,0.562077551471365,N,freckling/skin sun sensitivity/blond vs brown hair,"Sulem et al, 2007",Europeans,nearest_gene_only,effector_ambiguous_near,"Not among the 4 SNPs (SLC45A2 rs16891982, KITLG rs12821256, SLC24A5 rs1426654/rs2470102) the paper's own text singles out as replicating even marginally; this row's p-value is from S6A/Table 2 only (no additional prose discussion in main text beyond the aggregate statement 'We do not replicate the vast majority of previously observed skin pigmentation associations in our dataset').",Part of the 42-SNP known-locus replication panel (Table 2/S6A); most rows in this panel do not replicate — see paper's aggregate statement in evidence_quote.,Table S6A (per-SNP association: San/W.AFR/N.EUR derived freqs; joint zKhomani+Nama linear mixed model) + main text Table 2 (p.1346) 'Replication of Previously Associated Skin Pigmentation Variants',parsed_xlsx_table+parsed_text_pdf,
known_locus_replication_Table2_S6A,IRF4 rs12202284,IRF4,False,False,True,rs12202284,6.0,471136.0,GRCh37/hg19,C,A,0.759518,0.861899,0.508752,0.508752,False,p < 5e-8,not_significant,0.572889,0.430105,0.989634,M index scale (log10[1/%red reflectance]); per derived allele; additive linear-mixed model with European+Bantu admixture fixed effects and REAP kinship random effect,0.04297,0.02564,0.03641,,,512.0,312.0,824.0,0.00068614,"[0.00,0.01]",0.15,0.21,"1000 Genomes Project phase 3: ESN, GWD, YRI, MSL populations (N=405)","1000 Genomes Project phase 3: GBR, CEU populations (N=190)",reseq,True,0.562077551471365,Y,"non-melanoma skin cancer, skin pigmentation","Zhang et al, 2011; Praetorius et al, 2013",Europeans,nearest_gene_only,effector_ambiguous_near,"Not among the 4 SNPs (SLC45A2 rs16891982, KITLG rs12821256, SLC24A5 rs1426654/rs2470102) the paper's own text singles out as replicating even marginally; this row's p-value is from S6A/Table 2 only (no additional prose discussion in main text beyond the aggregate statement 'We do not replicate the vast majority of previously observed skin pigmentation associations in our dataset').",Part of the 42-SNP known-locus replication panel (Table 2/S6A); most rows in this panel do not replicate — see paper's aggregate statement in evidence_quote.,Table S6A (per-SNP association: San/W.AFR/N.EUR derived freqs; joint zKhomani+Nama linear mixed model) + main text Table 2 (p.1346) 'Replication of Previously Associated Skin Pigmentation Variants',parsed_xlsx_table+parsed_text_pdf,
known_locus_replication_Table2_S6A,OPRM1 rs6917661,OPRM1,False,False,True,rs6917661,6.0,154721557.0,GRCh37/hg19,T,C,0.244652,0.324713,0.293225,0.293225,False,p < 5e-8,not_significant,-1.09934,-0.878349,-0.71368,M index scale (log10[1/%red reflectance]); per derived allele; additive linear-mixed model with European+Bantu admixture fixed effects and REAP kinship random effect,0.6691,0.657,0.6644,,,538.0,344.0,882.0,0.71171,"[0.67,0.79]",0.61,0.76,"1000 Genomes Project phase 3: ESN, GWD, YRI, MSL populations (N=405)","1000 Genomes Project phase 3: GBR, CEU populations (N=190)",reseq,True,0.313735005845083,Y,skin pigmentation,"Quillen et al, 2012",Native Americans,nearest_gene_only,effector_ambiguous_near,"Not among the 4 SNPs (SLC45A2 rs16891982, KITLG rs12821256, SLC24A5 rs1426654/rs2470102) the paper's own text singles out as replicating even marginally; this row's p-value is from S6A/Table 2 only (no additional prose discussion in main text beyond the aggregate statement 'We do not replicate the vast majority of previously observed skin pigmentation associations in our dataset').",Part of the 42-SNP known-locus replication panel (Table 2/S6A); most rows in this panel do not replicate — see paper's aggregate statement in evidence_quote.,Table S6A (per-SNP association: San/W.AFR/N.EUR derived freqs; joint zKhomani+Nama linear mixed model) + main text Table 2 (p.1346) 'Replication of Previously Associated Skin Pigmentation Variants',parsed_xlsx_table+parsed_text_pdf,
known_locus_replication_Table2_S6A,EGFR rs12668421,EGFR,False,False,True,rs12668421,7.0,55109177.0,GRCh37/hg19,A,T,0.471053,0.108008,0.64876,0.64876,False,p < 5e-8,not_significant,0.997526,-2.74135,-0.49144,M index scale (log10[1/%red reflectance]); per derived allele; additive linear-mixed model with European+Bantu admixture fixed effects and REAP kinship random effect,0.08922,0.07267,0.08277,,,538.0,344.0,882.0,0.0168473,"[0.01,0.08]",0.06,0.27,"1000 Genomes Project phase 3: ESN, GWD, YRI, MSL populations (N=405)","1000 Genomes Project phase 3: GBR, CEU populations (N=190)",reseq,True,0.619806502654682,Y,skin pigmentation,"Quillen et al, 2012",Native Americans,nearest_gene_only,effector_ambiguous_near,"Not among the 4 SNPs (SLC45A2 rs16891982, KITLG rs12821256, SLC24A5 rs1426654/rs2470102) the paper's own text singles out as replicating even marginally; this row's p-value is from S6A/Table 2 only (no additional prose discussion in main text beyond the aggregate statement 'We do not replicate the vast majority of previously observed skin pigmentation associations in our dataset').",Part of the 42-SNP known-locus replication panel (Table 2/S6A); most rows in this panel do not replicate — see paper's aggregate statement in evidence_quote.,Table S6A (per-SNP association: San/W.AFR/N.EUR derived freqs; joint zKhomani+Nama linear mixed model) + main text Table 2 (p.1346) 'Replication of Previously Associated Skin Pigmentation Variants',parsed_xlsx_table+parsed_text_pdf,
known_locus_replication_Table2_S6A,GATA3 rs376397,GATA3,False,False,True,rs376397,10.0,8103298.0,GRCh37/hg19,G,A,0.409564,0.222014,0.914727,0.914727,False,p < 5e-8,not_significant,-0.691228,1.02485,0.0653446,M index scale (log10[1/%red reflectance]); per derived allele; additive linear-mixed model with European+Bantu admixture fixed effects and REAP kinship random effect,0.6415,0.6667000000000001,0.6514,,,530.0,342.0,872.0,0.79,"[0.75,0.82]",0.31,0.32,"1000 Genomes Project phase 3: ESN, GWD, YRI, MSL populations (N=405)","1000 Genomes Project phase 3: GBR, CEU populations (N=190)",reseq,True,0.641532656911534,Y,skin pigmentation,"Jacobs et al, 2013",Europeans,nearest_gene_only,effector_ambiguous_near,"Not among the 4 SNPs (SLC45A2 rs16891982, KITLG rs12821256, SLC24A5 rs1426654/rs2470102) the paper's own text singles out as replicating even marginally; this row's p-value is from S6A/Table 2 only (no additional prose discussion in main text beyond the aggregate statement 'We do not replicate the vast majority of previously observed skin pigmentation associations in our dataset').",Part of the 42-SNP known-locus replication panel (Table 2/S6A); most rows in this panel do not replicate — see paper's aggregate statement in evidence_quote.,Table S6A (per-SNP association: San/W.AFR/N.EUR derived freqs; joint zKhomani+Nama linear mixed model) + main text Table 2 (p.1346) 'Replication of Previously Associated Skin Pigmentation Variants',parsed_xlsx_table+parsed_text_pdf,
known_locus_replication_Table2_S6A,NTM/HNT rs12421680,NTM/HNT,False,False,True,rs12421680,11.0,131350968.0,GRCh37/hg19,A,G,0.406697,0.992834,0.44931,0.44931,False,p < 5e-8,not_significant,-1.15859,-0.0107647,-0.682709,M index scale (log10[1/%red reflectance]); per derived allele; additive linear-mixed model with European+Bantu admixture fixed effects and REAP kinship random effect,0.281,0.3302,0.304,,,242.0,212.0,454.0,0.228654,"[0.17,0.29]",0.33,0.7,"1000 Genomes Project phase 3: ESN, GWD, YRI, MSL populations (N=405)","1000 Genomes Project phase 3: GBR, CEU populations (N=190)",intersect,False,0.435087377685115,N,number of sunburns,"Zhang et al, 2011",Europeans,nearest_gene_only,effector_ambiguous_near,"Not among the 4 SNPs (SLC45A2 rs16891982, KITLG rs12821256, SLC24A5 rs1426654/rs2470102) the paper's own text singles out as replicating even marginally; this row's p-value is from S6A/Table 2 only (no additional prose discussion in main text beyond the aggregate statement 'We do not replicate the vast majority of previously observed skin pigmentation associations in our dataset').",Part of the 42-SNP known-locus replication panel (Table 2/S6A); most rows in this panel do not replicate — see paper's aggregate statement in evidence_quote.,Table S6A (per-SNP association: San/W.AFR/N.EUR derived freqs; joint zKhomani+Nama linear mixed model) + main text Table 2 (p.1346) 'Replication of Previously Associated Skin Pigmentation Variants',parsed_xlsx_table+parsed_text_pdf,
known_locus_replication_Table2_S6A,GNG2 rs8015138,GNG2,False,False,True,rs8015138,14.0,52310104.0,GRCh37/hg19,A,C,0.80061,0.624757,0.872511,0.872511,False,p < 5e-8,not_significant,-0.283686,0.51169,0.126706,M index scale (log10[1/%red reflectance]); per derived allele; additive linear-mixed model with European+Bantu admixture fixed effects and REAP kinship random effect,0.1295,0.1636,0.143,,,502.0,330.0,832.0,0.0971101,"[0.05,0.15]",0.14,0.52,"1000 Genomes Project phase 3: ESN, GWD, YRI, MSL populations (N=405)","1000 Genomes Project phase 3: GBR, CEU populations (N=190)",reseq,True,0.621075665252024,N,non-melanoma skin cancer,"Zhang et al, 2011",Europeans,nearest_gene_only,effector_ambiguous_near,"Not among the 4 SNPs (SLC45A2 rs16891982, KITLG rs12821256, SLC24A5 rs1426654/rs2470102) the paper's own text singles out as replicating even marginally; this row's p-value is from S6A/Table 2 only (no additional prose discussion in main text beyond the aggregate statement 'We do not replicate the vast majority of previously observed skin pigmentation associations in our dataset').",Part of the 42-SNP known-locus replication panel (Table 2/S6A); most rows in this panel do not replicate — see paper's aggregate statement in evidence_quote.,Table S6A (per-SNP association: San/W.AFR/N.EUR derived freqs; joint zKhomani+Nama linear mixed model) + main text Table 2 (p.1346) 'Replication of Previously Associated Skin Pigmentation Variants',parsed_xlsx_table+parsed_text_pdf,
known_locus_replication_Table2_S6A,APBA2 rs4424881,APBA2,False,False,True,rs4424881,15.0,29261716.0,GRCh37/hg19,T,C,0.470333,0.123668,0.248413,0.248413,False,p < 5e-8,not_significant,-1.23213,-2.25334,-1.2374,M index scale (log10[1/%red reflectance]); per derived allele; additive linear-mixed model with European+Bantu admixture fixed effects and REAP kinship random effect,0.1625,0.195,0.1773,,,240.0,200.0,440.0,0.0249626,"[0.00,0.06]",0.07,0.86,"1000 Genomes Project phase 3: ESN, GWD, YRI, MSL populations (N=405)","1000 Genomes Project phase 3: GBR, CEU populations (N=190)",intersect,False,0.42146679450926,Y,skin pigmentation,"Beleza et al, 2013",Cape Verdeans,nearest_gene_only,effector_ambiguous_near,"Not among the 4 SNPs (SLC45A2 rs16891982, KITLG rs12821256, SLC24A5 rs1426654/rs2470102) the paper's own text singles out as replicating even marginally; this row's p-value is from S6A/Table 2 only (no additional prose discussion in main text beyond the aggregate statement 'We do not replicate the vast majority of previously observed skin pigmentation associations in our dataset').",Part of the 42-SNP known-locus replication panel (Table 2/S6A); most rows in this panel do not replicate — see paper's aggregate statement in evidence_quote.,Table S6A (per-SNP association: San/W.AFR/N.EUR derived freqs; joint zKhomani+Nama linear mixed model) + main text Table 2 (p.1346) 'Replication of Previously Associated Skin Pigmentation Variants',parsed_xlsx_table+parsed_text_pdf,
novel_locus_targeted_resequencing_phase1_main_text,SMARCA2/VLDLR cluster (rs7866411),SMARCA2/VLDLR,False,True,False,rs7866411,,,"GRCh37/hg19 (exact bp position not given in main text; region spans SMARCA2/VLDLR per Figure 5C, chr9:~2.0-2.7Mb per Table S5 VLDLR entry)",,,,,8.91e-05,8.91e-05,False,"p < 5e-8 (not met; this is one of >5 independent low-frequency (<5%) signals with p<1e-3 flagged as above-95%-CI in the resequencing QQ plot, i.e. suggestive/exploratory)",suggestive_qq_outlier_p_lt_1e-3,,,,"M index scale, targeted resequencing association, additive model",,,,,,,,,,,,,,,,,,,,,,nearest_gene_only,effector_ambiguous_near,"there are >5 independent low-frequency signals with p < 1e-3 within/near SMARCA2 and VLDLR, with rs7866411 (p = 8.91e-05) and rs2093835 (p = 1.17e-04) being most significantly associated","Paper cites HaploReg-inferred enhancer/DNase peaks in skin (incl. melanocytes/keratinocytes) overlapping tag/LD-linked SNPs (Table S6/S6B), but this is generic epigenomic-annotation overlap, not a demonstrated eQTL/reporter/CRISPR effect on SMARCA2 or VLDLR specifically at this SNP. Separately, paper cites literature-level biological plausibility: SMARCA2 (SWI/SNF component) is recruited by MITF to promoters of TYR/TYRP1/DCT (Vachtenheim et al., 2010 cited); VLDLR knockout mice show hypopigmented retinas (Xia et al., 2013 cited). These are candidate-gene-biology arguments for the GENE, not a demonstrated regulatory link at this SNP. Attempted lookup of rs7866411/rs2093835 in S6B fine-mapping table (region names NOX5/RAB8B/SLC24A5/SMARCA2/SYNE2/TYRP1): rsID NOT found in S6B — the S6B SMARCA2-region credible set (125 rows) contains a different, expanded SNP set (fine-mapping candidates) that does not include this main-text lead SNP by rsID. Honest gap.",Main text p.1348 (Novel Variants Influence Skin Pigmentation in KhoeSan Populations); Figure 5C,parsed_text_pdf,
novel_locus_targeted_resequencing_phase1_main_text,SMARCA2/VLDLR cluster (rs2093835),SMARCA2/VLDLR,False,True,False,rs2093835,,,GRCh37/hg19 (exact bp not given in main text),,,,,0.000117,1.17e-04,False,p < 5e-8 (not met; suggestive QQ-outlier),suggestive_qq_outlier_p_lt_1e-3,,,,"M index scale, targeted resequencing association, additive model",,,,,,,,,,,,,,,,,,,,,,nearest_gene_only,effector_ambiguous_near,rs7866411 (p = 8.91e-05) and rs2093835 (p = 1.17e-04) being most significantly associated with skin pigmentation,Same evidentiary basis as rs7866411 row above. Not found in S6B by rsID (honest gap).,Main text p.1348 (Novel Variants Influence Skin Pigmentation in KhoeSan Populations); Figure 5C,parsed_text_pdf,
novel_locus_phase2_meta_analysis_main_text,SNX13 (rs2110015),SNX13,False,True,False,rs2110015,,,GRCh37/hg19 (exact bp not given in main text; not found in S6A/S6B — honest gap),,,,,1.3e-07,1.3e-07,False,"p < 5e-8 (paper explicitly labels this 'suggestive novel association', not genome-wide significant)",suggestive,,,-3.1,"M index scale, per derived allele, additive model, phase1+phase2 meta-analysis",,,,,,,,,,,,,,,,,,,,,,nearest_gene_only,effector_uncertain,"We identified an additional suggestive novel association in and near SNX13, with common derived T alleles of rs2110015 associated with light skin (b = -3.1, p = 1.3e-07 ... SNX13 regulates lysosomal degradation and G protein signaling but has not previously been associated with skin pigmentation","SNX13 explicitly NOT on the canonical effector list and the paper explicitly states it 'has not previously been associated with skin pigmentation' — a stated-novel, non-canonical candidate. However attribution_basis is nearest_gene_only: no eQTL/reporter/CRISPR evidence on SNX13 itself is presented, only genomic proximity of the lead SNP ('in and near SNX13'). Common derived allele (paper says 'common derived T alleles') distinguishes this from the other <5%-frequency suggestive hits. FLAGSHIP non-canonical candidate for this paper given its explicit suggestive-but-largest-effect-size framing.",Main text p.1349 (end of Novel Variants section); Figure 5D,parsed_text_pdf,
novel_locus_targeted_resequencing_phase1_main_text,EPM2A/FREM1 low-frequency QQ outliers,EPM2A / FREM1,False,True,False,,,,"GRCh37/hg19 (FREM1 region chr9:14,724,664-14,910,993 per Table S7 targeted-resequencing capture design; EPM2A region chr6:145,550,394-145,806,673 per Table S7)",,,,,,"not_reported (only stated as 'above 95% CI' on resequencing QQ plot, Figure 5A)",False,p < 5e-8 (not applicable/not met — flagged only as a QQ-plot outlier above the 95% CI envelope),suggestive_qq_outlier,,,,,,,,,,,,,,,,,,,,,,,,,,nearest_gene_only,effector_ambiguous_near,"Multiple low-frequency (<5%) SNPs near several additional genes—including EPM2A, FREM1, SMARCA2/VLDLR, and TYRP1—are above the 95% confidence interval of expected versus observed significance (Figure 5). Two of these loci are near EPM2A and FREM1, neither of which have any known role in skin pigmentation in humans or model organisms.","The paper's OWN text explicitly states EPM2A and FREM1 have NO known pigmentation role — the most honest possible 'suggestive, unexplained' framing in this paper. No individual lead rsID or p-value given for these two loci in the main text (only a QQ-plot visual flag); S6B contains a large annotated FREM1-region SNP set (11 rows within the SMARCA2/TYRP1-labeled region tables, chr9:14.7-14.9Mb) but the paper does not name a specific lead SNP for EPM2A or FREM1 — HONEST GAP: exact lead SNP/p-value for EPM2A and FREM1 individually not resolvable from the two source PDFs as provided.",Main text p.1348 (Novel Variants section),parsed_text_pdf,
