gene_a,gene_b,darcy_s4_combined_score,our_string_v12_score,in_darcy_s4,in_our_pull,agreement,citation,citation_source
ACD,BLM,0.924,,True,False,False,PMC9854651 (S4) vs STRING v12.0 (2026-07-12T01:17:03.759858+00:00),pmcid+string_db
ACD,CTC1,0.891,0.906,True,True,True,PMC9854651 (S4) vs STRING v12.0 (2026-07-12T01:17:03.759858+00:00),pmcid+string_db
ACD,DKC1,0.778,0.747,True,True,True,PMC9854651 (S4) vs STRING v12.0 (2026-07-12T01:17:03.759858+00:00),pmcid+string_db
ACD,GAR1,,0.7,False,True,False,PMC9854651 (S4) vs STRING v12.0 (2026-07-12T01:17:03.759858+00:00),pmcid+string_db
ACD,NHP2,0.792,0.759,True,True,True,PMC9854651 (S4) vs STRING v12.0 (2026-07-12T01:17:03.759858+00:00),pmcid+string_db
ACD,NOP10,0.793,0.744,True,True,True,PMC9854651 (S4) vs STRING v12.0 (2026-07-12T01:17:03.759858+00:00),pmcid+string_db
ACD,RTEL1,0.765,0.701,True,True,True,PMC9854651 (S4) vs STRING v12.0 (2026-07-12T01:17:03.759858+00:00),pmcid+string_db
ACD,TERT,0.932,0.982,True,True,True,PMC9854651 (S4) vs STRING v12.0 (2026-07-12T01:17:03.759858+00:00),pmcid+string_db
ACD,TINF2,0.999,0.999,True,True,True,PMC9854651 (S4) vs STRING v12.0 (2026-07-12T01:17:03.759858+00:00),pmcid+string_db
ACD,WRAP53,0.78,0.72,True,True,True,PMC9854651 (S4) vs STRING v12.0 (2026-07-12T01:17:03.759858+00:00),pmcid+string_db
ACD,WRN,0.937,0.738,True,True,True,PMC9854651 (S4) vs STRING v12.0 (2026-07-12T01:17:03.759858+00:00),pmcid+string_db
ADAM10,PSENEN,0.81,0.819,True,True,True,PMC9854651 (S4) vs STRING v12.0 (2026-07-12T01:17:03.759858+00:00),pmcid+string_db
ADAR,HLA-B,0.904,,True,False,False,PMC9854651 (S4) vs STRING v12.0 (2026-07-12T01:17:03.759858+00:00),pmcid+string_db
ADAR,IRF3,0.944,,True,False,False,PMC9854651 (S4) vs STRING v12.0 (2026-07-12T01:17:03.759858+00:00),pmcid+string_db
ADAR,IRF4,0.902,,True,False,False,PMC9854651 (S4) vs STRING v12.0 (2026-07-12T01:17:03.759858+00:00),pmcid+string_db
AP3B1,AP3D1,0.999,0.999,True,True,True,PMC9854651 (S4) vs STRING v12.0 (2026-07-12T01:17:03.759858+00:00),pmcid+string_db
AP3B1,BLOC1S3,,0.914,False,True,False,PMC9854651 (S4) vs STRING v12.0 (2026-07-12T01:17:03.759858+00:00),pmcid+string_db
AP3B1,BLOC1S6,0.757,0.857,True,True,True,PMC9854651 (S4) vs STRING v12.0 (2026-07-12T01:17:03.759858+00:00),pmcid+string_db
AP3B1,DTNBP1,0.729,0.878,True,True,True,PMC9854651 (S4) vs STRING v12.0 (2026-07-12T01:17:03.759858+00:00),pmcid+string_db
AP3B1,HPS3,0.75,0.929,True,True,True,PMC9854651 (S4) vs STRING v12.0 (2026-07-12T01:17:03.759858+00:00),pmcid+string_db
AP3B1,HPS4,0.772,0.935,True,True,True,PMC9854651 (S4) vs STRING v12.0 (2026-07-12T01:17:03.759858+00:00),pmcid+string_db
AP3B1,HPS5,,0.827,False,True,False,PMC9854651 (S4) vs STRING v12.0 (2026-07-12T01:17:03.759858+00:00),pmcid+string_db
AP3B1,HPS6,,0.842,False,True,False,PMC9854651 (S4) vs STRING v12.0 (2026-07-12T01:17:03.759858+00:00),pmcid+string_db
AP3B1,LYST,0.772,0.805,True,True,True,PMC9854651 (S4) vs STRING v12.0 (2026-07-12T01:17:03.759858+00:00),pmcid+string_db
AP3B1,RAB5C,0.901,,True,False,False,PMC9854651 (S4) vs STRING v12.0 (2026-07-12T01:17:03.759858+00:00),pmcid+string_db
AP3B1,RAF1,0.904,,True,False,False,PMC9854651 (S4) vs STRING v12.0 (2026-07-12T01:17:03.759858+00:00),pmcid+string_db
AP3D1,HPS3,,0.727,False,True,False,PMC9854651 (S4) vs STRING v12.0 (2026-07-12T01:17:03.759858+00:00),pmcid+string_db
AP3D1,HPS5,,0.728,False,True,False,PMC9854651 (S4) vs STRING v12.0 (2026-07-12T01:17:03.759858+00:00),pmcid+string_db
ATM,BLM,0.997,0.991,True,True,True,PMC9854651 (S4) vs STRING v12.0 (2026-07-12T01:17:03.759858+00:00),pmcid+string_db
ATM,BRAF,,0.778,False,True,False,PMC9854651 (S4) vs STRING v12.0 (2026-07-12T01:17:03.759858+00:00),pmcid+string_db
ATM,BRCA2,0.996,0.995,True,True,True,PMC9854651 (S4) vs STRING v12.0 (2026-07-12T01:17:03.759858+00:00),pmcid+string_db
ATM,BRIP1,0.915,0.933,True,True,True,PMC9854651 (S4) vs STRING v12.0 (2026-07-12T01:17:03.759858+00:00),pmcid+string_db
ATM,CDKN2A,0.75,0.847,True,True,True,PMC9854651 (S4) vs STRING v12.0 (2026-07-12T01:17:03.759858+00:00),pmcid+string_db
ATM,DDB2,,0.712,False,True,False,PMC9854651 (S4) vs STRING v12.0 (2026-07-12T01:17:03.759858+00:00),pmcid+string_db
ATM,ERCC1,0.983,0.975,True,True,True,PMC9854651 (S4) vs STRING v12.0 (2026-07-12T01:17:03.759858+00:00),pmcid+string_db
ATM,ERCC2,0.736,0.914,True,True,True,PMC9854651 (S4) vs STRING v12.0 (2026-07-12T01:17:03.759858+00:00),pmcid+string_db
ATM,ERCC3,0.81,0.863,True,True,True,PMC9854651 (S4) vs STRING v12.0 (2026-07-12T01:17:03.759858+00:00),pmcid+string_db
ATM,ERCC4,0.969,0.965,True,True,True,PMC9854651 (S4) vs STRING v12.0 (2026-07-12T01:17:03.759858+00:00),pmcid+string_db
ATM,ERCC5,0.962,0.975,True,True,True,PMC9854651 (S4) vs STRING v12.0 (2026-07-12T01:17:03.759858+00:00),pmcid+string_db
ATM,FANCA,0.727,0.737,True,True,True,PMC9854651 (S4) vs STRING v12.0 (2026-07-12T01:17:03.759858+00:00),pmcid+string_db
ATM,FANCC,,0.775,False,True,False,PMC9854651 (S4) vs STRING v12.0 (2026-07-12T01:17:03.759858+00:00),pmcid+string_db
ATM,FANCD2,0.993,0.989,True,True,True,PMC9854651 (S4) vs STRING v12.0 (2026-07-12T01:17:03.759858+00:00),pmcid+string_db
ATM,FANCI,0.99,0.946,True,True,True,PMC9854651 (S4) vs STRING v12.0 (2026-07-12T01:17:03.759858+00:00),pmcid+string_db
ATM,HRAS,0.713,,True,False,False,PMC9854651 (S4) vs STRING v12.0 (2026-07-12T01:17:03.759858+00:00),pmcid+string_db
ATM,IKBKG,0.999,0.99,True,True,True,PMC9854651 (S4) vs STRING v12.0 (2026-07-12T01:17:03.759858+00:00),pmcid+string_db
ATM,MLH1,0.992,0.997,True,True,True,PMC9854651 (S4) vs STRING v12.0 (2026-07-12T01:17:03.759858+00:00),pmcid+string_db
ATM,MSH2,0.989,0.999,True,True,True,PMC9854651 (S4) vs STRING v12.0 (2026-07-12T01:17:03.759858+00:00),pmcid+string_db
ATM,MSH6,0.992,0.999,True,True,True,PMC9854651 (S4) vs STRING v12.0 (2026-07-12T01:17:03.759858+00:00),pmcid+string_db
ATM,NBN,0.999,0.999,True,True,True,PMC9854651 (S4) vs STRING v12.0 (2026-07-12T01:17:03.759858+00:00),pmcid+string_db
ATM,NF1,0.704,0.732,True,True,True,PMC9854651 (S4) vs STRING v12.0 (2026-07-12T01:17:03.759858+00:00),pmcid+string_db
ATM,PALB2,0.945,0.945,True,True,True,PMC9854651 (S4) vs STRING v12.0 (2026-07-12T01:17:03.759858+00:00),pmcid+string_db
ATM,PMS2,0.865,0.886,True,True,True,PMC9854651 (S4) vs STRING v12.0 (2026-07-12T01:17:03.759858+00:00),pmcid+string_db
ATM,POLH,0.954,,True,False,False,PMC9854651 (S4) vs STRING v12.0 (2026-07-12T01:17:03.759858+00:00),pmcid+string_db
ATM,PTEN,0.89,0.897,True,True,True,PMC9854651 (S4) vs STRING v12.0 (2026-07-12T01:17:03.759858+00:00),pmcid+string_db
ATM,RECQL4,0.819,0.858,True,True,True,PMC9854651 (S4) vs STRING v12.0 (2026-07-12T01:17:03.759858+00:00),pmcid+string_db
ATM,RTEL1,0.948,0.716,True,True,True,PMC9854651 (S4) vs STRING v12.0 (2026-07-12T01:17:03.759858+00:00),pmcid+string_db
ATM,STK11,0.95,0.89,True,True,True,PMC9854651 (S4) vs STRING v12.0 (2026-07-12T01:17:03.759858+00:00),pmcid+string_db
ATM,TERT,0.879,0.825,True,True,True,PMC9854651 (S4) vs STRING v12.0 (2026-07-12T01:17:03.759858+00:00),pmcid+string_db
ATM,TSC2,0.722,0.735,True,True,True,PMC9854651 (S4) vs STRING v12.0 (2026-07-12T01:17:03.759858+00:00),pmcid+string_db
ATM,WRN,0.978,0.955,True,True,True,PMC9854651 (S4) vs STRING v12.0 (2026-07-12T01:17:03.759858+00:00),pmcid+string_db
ATM,XPA,0.915,0.908,True,True,True,PMC9854651 (S4) vs STRING v12.0 (2026-07-12T01:17:03.759858+00:00),pmcid+string_db
ATM,XPC,0.959,0.962,True,True,True,PMC9854651 (S4) vs STRING v12.0 (2026-07-12T01:17:03.759858+00:00),pmcid+string_db
ATP7A,ATP7B,0.811,0.908,True,True,True,PMC9854651 (S4) vs STRING v12.0 (2026-07-12T01:17:03.759858+00:00),pmcid+string_db
ATP7A,POMC,0.726,0.964,True,True,True,PMC9854651 (S4) vs STRING v12.0 (2026-07-12T01:17:03.759858+00:00),pmcid+string_db
ATXN2,DDX6,0.993,0.993,True,True,True,PMC9854651 (S4) vs STRING v12.0 (2026-07-12T01:17:03.759858+00:00),pmcid+string_db
ATXN2,FMR1,0.828,0.901,True,True,True,PMC9854651 (S4) vs STRING v12.0 (2026-07-12T01:17:03.759858+00:00),pmcid+string_db
ATXN2,SH2B3,,0.765,False,True,False,PMC9854651 (S4) vs STRING v12.0 (2026-07-12T01:17:03.759858+00:00),pmcid+string_db
BACH2,IRF4,,0.853,False,True,False,PMC9854651 (S4) vs STRING v12.0 (2026-07-12T01:17:03.759858+00:00),pmcid+string_db
BCL2L11,BRAF,0.71,0.783,True,True,True,PMC9854651 (S4) vs STRING v12.0 (2026-07-12T01:17:03.759858+00:00),pmcid+string_db
BCL2L11,FASLG,0.795,0.893,True,True,True,PMC9854651 (S4) vs STRING v12.0 (2026-07-12T01:17:03.759858+00:00),pmcid+string_db
BCL2L11,MAP2K1,0.814,0.821,True,True,True,PMC9854651 (S4) vs STRING v12.0 (2026-07-12T01:17:03.759858+00:00),pmcid+string_db
BCL2L11,RAF1,0.948,,True,False,False,PMC9854651 (S4) vs STRING v12.0 (2026-07-12T01:17:03.759858+00:00),pmcid+string_db
BCL2L12,CASP7,0.761,0.799,True,True,True,PMC9854651 (S4) vs STRING v12.0 (2026-07-12T01:17:03.759858+00:00),pmcid+string_db
BIVM,ERCC5,,0.928,False,True,False,PMC9854651 (S4) vs STRING v12.0 (2026-07-12T01:17:03.759858+00:00),pmcid+string_db
BLM,BRCA2,0.933,0.935,True,True,True,PMC9854651 (S4) vs STRING v12.0 (2026-07-12T01:17:03.759858+00:00),pmcid+string_db
BLM,BRIP1,0.981,0.95,True,True,True,PMC9854651 (S4) vs STRING v12.0 (2026-07-12T01:17:03.759858+00:00),pmcid+string_db
BLM,ERCC1,0.969,0.701,True,True,True,PMC9854651 (S4) vs STRING v12.0 (2026-07-12T01:17:03.759858+00:00),pmcid+string_db
BLM,ERCC4,0.986,0.819,True,True,True,PMC9854651 (S4) vs STRING v12.0 (2026-07-12T01:17:03.759858+00:00),pmcid+string_db
BLM,ERCC5,0.761,,True,False,False,PMC9854651 (S4) vs STRING v12.0 (2026-07-12T01:17:03.759858+00:00),pmcid+string_db
BLM,FANCA,0.999,0.999,True,True,True,PMC9854651 (S4) vs STRING v12.0 (2026-07-12T01:17:03.759858+00:00),pmcid+string_db
BLM,FANCB,0.929,,True,False,False,PMC9854651 (S4) vs STRING v12.0 (2026-07-12T01:17:03.759858+00:00),pmcid+string_db
BLM,FANCC,0.959,0.829,True,True,True,PMC9854651 (S4) vs STRING v12.0 (2026-07-12T01:17:03.759858+00:00),pmcid+string_db
BLM,FANCD2,0.904,0.933,True,True,True,PMC9854651 (S4) vs STRING v12.0 (2026-07-12T01:17:03.759858+00:00),pmcid+string_db
BLM,FANCE,0.959,0.814,True,True,True,PMC9854651 (S4) vs STRING v12.0 (2026-07-12T01:17:03.759858+00:00),pmcid+string_db
BLM,FANCI,0.789,0.773,True,True,True,PMC9854651 (S4) vs STRING v12.0 (2026-07-12T01:17:03.759858+00:00),pmcid+string_db
BLM,MLH1,0.995,0.999,True,True,True,PMC9854651 (S4) vs STRING v12.0 (2026-07-12T01:17:03.759858+00:00),pmcid+string_db
BLM,MSH2,0.93,0.907,True,True,True,PMC9854651 (S4) vs STRING v12.0 (2026-07-12T01:17:03.759858+00:00),pmcid+string_db
BLM,MSH6,0.972,0.972,True,True,True,PMC9854651 (S4) vs STRING v12.0 (2026-07-12T01:17:03.759858+00:00),pmcid+string_db
BLM,NBN,0.931,0.925,True,True,True,PMC9854651 (S4) vs STRING v12.0 (2026-07-12T01:17:03.759858+00:00),pmcid+string_db
BLM,PALB2,0.715,0.729,True,True,True,PMC9854651 (S4) vs STRING v12.0 (2026-07-12T01:17:03.759858+00:00),pmcid+string_db
BLM,POLA1,0.785,,True,False,False,PMC9854651 (S4) vs STRING v12.0 (2026-07-12T01:17:03.759858+00:00),pmcid+string_db
BLM,POLH,0.944,,True,False,False,PMC9854651 (S4) vs STRING v12.0 (2026-07-12T01:17:03.759858+00:00),pmcid+string_db
BLM,RTEL1,0.971,0.832,True,True,True,PMC9854651 (S4) vs STRING v12.0 (2026-07-12T01:17:03.759858+00:00),pmcid+string_db
BLM,TERT,0.759,,True,False,False,PMC9854651 (S4) vs STRING v12.0 (2026-07-12T01:17:03.759858+00:00),pmcid+string_db
BLM,TINF2,0.931,,True,False,False,PMC9854651 (S4) vs STRING v12.0 (2026-07-12T01:17:03.759858+00:00),pmcid+string_db
BLM,WRN,0.866,0.802,True,True,True,PMC9854651 (S4) vs STRING v12.0 (2026-07-12T01:17:03.759858+00:00),pmcid+string_db
BLOC1S3,BLOC1S5,0.977,0.995,True,True,True,PMC9854651 (S4) vs STRING v12.0 (2026-07-12T01:17:03.759858+00:00),pmcid+string_db
BLOC1S3,BLOC1S6,0.993,0.999,True,True,True,PMC9854651 (S4) vs STRING v12.0 (2026-07-12T01:17:03.759858+00:00),pmcid+string_db
BLOC1S3,DTNBP1,0.996,0.999,True,True,True,PMC9854651 (S4) vs STRING v12.0 (2026-07-12T01:17:03.759858+00:00),pmcid+string_db
BLOC1S3,HPS1,0.737,0.817,True,True,True,PMC9854651 (S4) vs STRING v12.0 (2026-07-12T01:17:03.759858+00:00),pmcid+string_db
BLOC1S3,HPS3,0.955,0.988,True,True,True,PMC9854651 (S4) vs STRING v12.0 (2026-07-12T01:17:03.759858+00:00),pmcid+string_db
BLOC1S3,HPS4,0.955,0.977,True,True,True,PMC9854651 (S4) vs STRING v12.0 (2026-07-12T01:17:03.759858+00:00),pmcid+string_db
BLOC1S3,HPS5,0.934,0.985,True,True,True,PMC9854651 (S4) vs STRING v12.0 (2026-07-12T01:17:03.759858+00:00),pmcid+string_db
BLOC1S3,HPS6,0.955,0.985,True,True,True,PMC9854651 (S4) vs STRING v12.0 (2026-07-12T01:17:03.759858+00:00),pmcid+string_db
BLOC1S5,BLOC1S6,0.991,0.999,True,True,True,PMC9854651 (S4) vs STRING v12.0 (2026-07-12T01:17:03.759858+00:00),pmcid+string_db
BLOC1S5,DTNBP1,0.996,0.996,True,True,True,PMC9854651 (S4) vs STRING v12.0 (2026-07-12T01:17:03.759858+00:00),pmcid+string_db
BLOC1S5,HPS1,0.72,0.739,True,True,True,PMC9854651 (S4) vs STRING v12.0 (2026-07-12T01:17:03.759858+00:00),pmcid+string_db
BLOC1S5,HPS3,0.802,0.919,True,True,True,PMC9854651 (S4) vs STRING v12.0 (2026-07-12T01:17:03.759858+00:00),pmcid+string_db
BLOC1S5,HPS4,0.805,0.836,True,True,True,PMC9854651 (S4) vs STRING v12.0 (2026-07-12T01:17:03.759858+00:00),pmcid+string_db
BLOC1S5,HPS5,0.815,0.884,True,True,True,PMC9854651 (S4) vs STRING v12.0 (2026-07-12T01:17:03.759858+00:00),pmcid+string_db
BLOC1S5,HPS6,0.828,0.882,True,True,True,PMC9854651 (S4) vs STRING v12.0 (2026-07-12T01:17:03.759858+00:00),pmcid+string_db
BLOC1S6,DTNBP1,0.999,0.999,True,True,True,PMC9854651 (S4) vs STRING v12.0 (2026-07-12T01:17:03.759858+00:00),pmcid+string_db
BLOC1S6,HPS1,0.855,0.866,True,True,True,PMC9854651 (S4) vs STRING v12.0 (2026-07-12T01:17:03.759858+00:00),pmcid+string_db
BLOC1S6,HPS3,0.943,0.982,True,True,True,PMC9854651 (S4) vs STRING v12.0 (2026-07-12T01:17:03.759858+00:00),pmcid+string_db
BLOC1S6,HPS4,0.925,0.964,True,True,True,PMC9854651 (S4) vs STRING v12.0 (2026-07-12T01:17:03.759858+00:00),pmcid+string_db
BLOC1S6,HPS5,0.939,0.986,True,True,True,PMC9854651 (S4) vs STRING v12.0 (2026-07-12T01:17:03.759858+00:00),pmcid+string_db
BLOC1S6,HPS6,0.945,0.986,True,True,True,PMC9854651 (S4) vs STRING v12.0 (2026-07-12T01:17:03.759858+00:00),pmcid+string_db
BRAF,BRCA2,,0.721,False,True,False,PMC9854651 (S4) vs STRING v12.0 (2026-07-12T01:17:03.759858+00:00),pmcid+string_db
BRAF,CDKN2A,,0.892,False,True,False,PMC9854651 (S4) vs STRING v12.0 (2026-07-12T01:17:03.759858+00:00),pmcid+string_db
BRAF,CTLA4,,0.773,False,True,False,PMC9854651 (S4) vs STRING v12.0 (2026-07-12T01:17:03.759858+00:00),pmcid+string_db
BRAF,GNAS,,0.761,False,True,False,PMC9854651 (S4) vs STRING v12.0 (2026-07-12T01:17:03.759858+00:00),pmcid+string_db
BRAF,HRAS,0.999,0.999,True,True,True,PMC9854651 (S4) vs STRING v12.0 (2026-07-12T01:17:03.759858+00:00),pmcid+string_db
BRAF,MAP2K1,0.999,0.999,True,True,True,PMC9854651 (S4) vs STRING v12.0 (2026-07-12T01:17:03.759858+00:00),pmcid+string_db
BRAF,MC1R,,0.746,False,True,False,PMC9854651 (S4) vs STRING v12.0 (2026-07-12T01:17:03.759858+00:00),pmcid+string_db
BRAF,MITF,,0.719,False,True,False,PMC9854651 (S4) vs STRING v12.0 (2026-07-12T01:17:03.759858+00:00),pmcid+string_db
BRAF,MLH1,,0.876,False,True,False,PMC9854651 (S4) vs STRING v12.0 (2026-07-12T01:17:03.759858+00:00),pmcid+string_db
BRAF,MSH2,,0.724,False,True,False,PMC9854651 (S4) vs STRING v12.0 (2026-07-12T01:17:03.759858+00:00),pmcid+string_db
BRAF,MSH6,,0.806,False,True,False,PMC9854651 (S4) vs STRING v12.0 (2026-07-12T01:17:03.759858+00:00),pmcid+string_db
BRAF,NF1,,0.903,False,True,False,PMC9854651 (S4) vs STRING v12.0 (2026-07-12T01:17:03.759858+00:00),pmcid+string_db
BRAF,NRAS,0.998,0.999,True,True,True,PMC9854651 (S4) vs STRING v12.0 (2026-07-12T01:17:03.759858+00:00),pmcid+string_db
BRAF,PMS2,,0.836,False,True,False,PMC9854651 (S4) vs STRING v12.0 (2026-07-12T01:17:03.759858+00:00),pmcid+string_db
BRAF,PTEN,0.819,0.943,True,True,True,PMC9854651 (S4) vs STRING v12.0 (2026-07-12T01:17:03.759858+00:00),pmcid+string_db
BRAF,PTPN11,,0.862,False,True,False,PMC9854651 (S4) vs STRING v12.0 (2026-07-12T01:17:03.759858+00:00),pmcid+string_db
BRAF,RAF1,0.993,0.999,True,True,True,PMC9854651 (S4) vs STRING v12.0 (2026-07-12T01:17:03.759858+00:00),pmcid+string_db
BRAF,RIT1,0.933,0.72,True,True,True,PMC9854651 (S4) vs STRING v12.0 (2026-07-12T01:17:03.759858+00:00),pmcid+string_db
BRAF,SHOC2,0.952,0.857,True,True,True,PMC9854651 (S4) vs STRING v12.0 (2026-07-12T01:17:03.759858+00:00),pmcid+string_db
BRAF,TERT,,0.815,False,True,False,PMC9854651 (S4) vs STRING v12.0 (2026-07-12T01:17:03.759858+00:00),pmcid+string_db
BRAF,TG,,0.752,False,True,False,PMC9854651 (S4) vs STRING v12.0 (2026-07-12T01:17:03.759858+00:00),pmcid+string_db
BRAF,TSC2,,0.832,False,True,False,PMC9854651 (S4) vs STRING v12.0 (2026-07-12T01:17:03.759858+00:00),pmcid+string_db
BRCA2,BRIP1,0.972,0.998,True,True,True,PMC9854651 (S4) vs STRING v12.0 (2026-07-12T01:17:03.759858+00:00),pmcid+string_db
BRCA2,CDKN2A,0.706,0.806,True,True,True,PMC9854651 (S4) vs STRING v12.0 (2026-07-12T01:17:03.759858+00:00),pmcid+string_db
BRCA2,ERCC1,0.746,0.877,True,True,True,PMC9854651 (S4) vs STRING v12.0 (2026-07-12T01:17:03.759858+00:00),pmcid+string_db
BRCA2,ERCC3,,0.75,False,True,False,PMC9854651 (S4) vs STRING v12.0 (2026-07-12T01:17:03.759858+00:00),pmcid+string_db
BRCA2,ERCC4,0.7,0.852,True,True,True,PMC9854651 (S4) vs STRING v12.0 (2026-07-12T01:17:03.759858+00:00),pmcid+string_db
BRCA2,ERCC5,,0.913,False,True,False,PMC9854651 (S4) vs STRING v12.0 (2026-07-12T01:17:03.759858+00:00),pmcid+string_db
BRCA2,FANCA,0.903,0.968,True,True,True,PMC9854651 (S4) vs STRING v12.0 (2026-07-12T01:17:03.759858+00:00),pmcid+string_db
BRCA2,FANCB,0.858,0.91,True,True,True,PMC9854651 (S4) vs STRING v12.0 (2026-07-12T01:17:03.759858+00:00),pmcid+string_db
BRCA2,FANCC,0.858,0.919,True,True,True,PMC9854651 (S4) vs STRING v12.0 (2026-07-12T01:17:03.759858+00:00),pmcid+string_db
BRCA2,FANCD2,0.999,0.999,True,True,True,PMC9854651 (S4) vs STRING v12.0 (2026-07-12T01:17:03.759858+00:00),pmcid+string_db
BRCA2,FANCE,0.911,0.899,True,True,True,PMC9854651 (S4) vs STRING v12.0 (2026-07-12T01:17:03.759858+00:00),pmcid+string_db
BRCA2,FANCI,0.996,0.996,True,True,True,PMC9854651 (S4) vs STRING v12.0 (2026-07-12T01:17:03.759858+00:00),pmcid+string_db
BRCA2,FLNA,0.965,0.977,True,True,True,PMC9854651 (S4) vs STRING v12.0 (2026-07-12T01:17:03.759858+00:00),pmcid+string_db
BRCA2,MLH1,0.941,0.954,True,True,True,PMC9854651 (S4) vs STRING v12.0 (2026-07-12T01:17:03.759858+00:00),pmcid+string_db
BRCA2,MSH2,0.855,0.968,True,True,True,PMC9854651 (S4) vs STRING v12.0 (2026-07-12T01:17:03.759858+00:00),pmcid+string_db
BRCA2,MSH6,0.832,0.967,True,True,True,PMC9854651 (S4) vs STRING v12.0 (2026-07-12T01:17:03.759858+00:00),pmcid+string_db
BRCA2,NBN,0.923,0.901,True,True,True,PMC9854651 (S4) vs STRING v12.0 (2026-07-12T01:17:03.759858+00:00),pmcid+string_db
BRCA2,NF1,,0.75,False,True,False,PMC9854651 (S4) vs STRING v12.0 (2026-07-12T01:17:03.759858+00:00),pmcid+string_db
BRCA2,PALB2,0.999,0.999,True,True,True,PMC9854651 (S4) vs STRING v12.0 (2026-07-12T01:17:03.759858+00:00),pmcid+string_db
BRCA2,PMS2,0.81,0.947,True,True,True,PMC9854651 (S4) vs STRING v12.0 (2026-07-12T01:17:03.759858+00:00),pmcid+string_db
BRCA2,POLH,0.958,,True,False,False,PMC9854651 (S4) vs STRING v12.0 (2026-07-12T01:17:03.759858+00:00),pmcid+string_db
BRCA2,PTEN,0.804,0.877,True,True,True,PMC9854651 (S4) vs STRING v12.0 (2026-07-12T01:17:03.759858+00:00),pmcid+string_db
BRCA2,RTEL1,0.953,,True,False,False,PMC9854651 (S4) vs STRING v12.0 (2026-07-12T01:17:03.759858+00:00),pmcid+string_db
BRCA2,SMARCAL1,,0.711,False,True,False,PMC9854651 (S4) vs STRING v12.0 (2026-07-12T01:17:03.759858+00:00),pmcid+string_db
BRCA2,STK11,0.735,0.83,True,True,True,PMC9854651 (S4) vs STRING v12.0 (2026-07-12T01:17:03.759858+00:00),pmcid+string_db
BRCA2,WRN,0.918,0.888,True,True,True,PMC9854651 (S4) vs STRING v12.0 (2026-07-12T01:17:03.759858+00:00),pmcid+string_db
BRCA2,XPA,,0.806,False,True,False,PMC9854651 (S4) vs STRING v12.0 (2026-07-12T01:17:03.759858+00:00),pmcid+string_db
BRIP1,ERCC1,0.943,0.716,True,True,True,PMC9854651 (S4) vs STRING v12.0 (2026-07-12T01:17:03.759858+00:00),pmcid+string_db
BRIP1,ERCC3,,0.866,False,True,False,PMC9854651 (S4) vs STRING v12.0 (2026-07-12T01:17:03.759858+00:00),pmcid+string_db
BRIP1,ERCC4,0.953,0.82,True,True,True,PMC9854651 (S4) vs STRING v12.0 (2026-07-12T01:17:03.759858+00:00),pmcid+string_db
BRIP1,FANCA,0.724,0.907,True,True,True,PMC9854651 (S4) vs STRING v12.0 (2026-07-12T01:17:03.759858+00:00),pmcid+string_db
BRIP1,FANCB,,0.921,False,True,False,PMC9854651 (S4) vs STRING v12.0 (2026-07-12T01:17:03.759858+00:00),pmcid+string_db
BRIP1,FANCC,,0.913,False,True,False,PMC9854651 (S4) vs STRING v12.0 (2026-07-12T01:17:03.759858+00:00),pmcid+string_db
BRIP1,FANCD2,0.894,0.997,True,True,True,PMC9854651 (S4) vs STRING v12.0 (2026-07-12T01:17:03.759858+00:00),pmcid+string_db
BRIP1,FANCE,,0.895,False,True,False,PMC9854651 (S4) vs STRING v12.0 (2026-07-12T01:17:03.759858+00:00),pmcid+string_db
BRIP1,FANCI,0.78,0.994,True,True,True,PMC9854651 (S4) vs STRING v12.0 (2026-07-12T01:17:03.759858+00:00),pmcid+string_db
BRIP1,MLH1,0.992,0.999,True,True,True,PMC9854651 (S4) vs STRING v12.0 (2026-07-12T01:17:03.759858+00:00),pmcid+string_db
BRIP1,MSH2,,0.793,False,True,False,PMC9854651 (S4) vs STRING v12.0 (2026-07-12T01:17:03.759858+00:00),pmcid+string_db
BRIP1,NBN,0.909,0.998,True,True,True,PMC9854651 (S4) vs STRING v12.0 (2026-07-12T01:17:03.759858+00:00),pmcid+string_db
BRIP1,PALB2,0.975,0.998,True,True,True,PMC9854651 (S4) vs STRING v12.0 (2026-07-12T01:17:03.759858+00:00),pmcid+string_db
BRIP1,PMS2,0.98,0.993,True,True,True,PMC9854651 (S4) vs STRING v12.0 (2026-07-12T01:17:03.759858+00:00),pmcid+string_db
BRIP1,POLH,0.933,,True,False,False,PMC9854651 (S4) vs STRING v12.0 (2026-07-12T01:17:03.759858+00:00),pmcid+string_db
BRIP1,WRN,0.838,0.915,True,True,True,PMC9854651 (S4) vs STRING v12.0 (2026-07-12T01:17:03.759858+00:00),pmcid+string_db
BTNL2,HLA-DQB1,,0.758,False,True,False,PMC9854651 (S4) vs STRING v12.0 (2026-07-12T01:17:03.759858+00:00),pmcid+string_db
BTNL2,HLA-DRA,,0.774,False,True,False,PMC9854651 (S4) vs STRING v12.0 (2026-07-12T01:17:03.759858+00:00),pmcid+string_db
BTNL2,HLA-DRB1,0.967,0.845,True,True,True,PMC9854651 (S4) vs STRING v12.0 (2026-07-12T01:17:03.759858+00:00),pmcid+string_db
CASP7,FASLG,0.954,,True,False,False,PMC9854651 (S4) vs STRING v12.0 (2026-07-12T01:17:03.759858+00:00),pmcid+string_db
CASP7,GZMB,0.972,0.951,True,True,True,PMC9854651 (S4) vs STRING v12.0 (2026-07-12T01:17:03.759858+00:00),pmcid+string_db
CCR6,IL17A,,0.889,False,True,False,PMC9854651 (S4) vs STRING v12.0 (2026-07-12T01:17:03.759858+00:00),pmcid+string_db
CCR6,IL23R,,0.802,False,True,False,PMC9854651 (S4) vs STRING v12.0 (2026-07-12T01:17:03.759858+00:00),pmcid+string_db
CD80,CTLA4,0.999,0.999,True,True,True,PMC9854651 (S4) vs STRING v12.0 (2026-07-12T01:17:03.759858+00:00),pmcid+string_db
CD80,FASLG,,0.898,False,True,False,PMC9854651 (S4) vs STRING v12.0 (2026-07-12T01:17:03.759858+00:00),pmcid+string_db
CD80,GZMB,,0.817,False,True,False,PMC9854651 (S4) vs STRING v12.0 (2026-07-12T01:17:03.759858+00:00),pmcid+string_db
CD80,HLA-B,,0.772,False,True,False,PMC9854651 (S4) vs STRING v12.0 (2026-07-12T01:17:03.759858+00:00),pmcid+string_db
CD80,HLA-DRA,0.935,,True,False,False,PMC9854651 (S4) vs STRING v12.0 (2026-07-12T01:17:03.759858+00:00),pmcid+string_db
CD80,HLA-DRB1,0.944,,True,False,False,PMC9854651 (S4) vs STRING v12.0 (2026-07-12T01:17:03.759858+00:00),pmcid+string_db
CD80,IL17A,0.728,0.809,True,True,True,PMC9854651 (S4) vs STRING v12.0 (2026-07-12T01:17:03.759858+00:00),pmcid+string_db
CD80,PTPN11,0.946,,True,False,False,PMC9854651 (S4) vs STRING v12.0 (2026-07-12T01:17:03.759858+00:00),pmcid+string_db
CD80,PTPRC,0.864,0.844,True,True,True,PMC9854651 (S4) vs STRING v12.0 (2026-07-12T01:17:03.759858+00:00),pmcid+string_db
CD80,SLC44A4,,0.927,False,True,False,PMC9854651 (S4) vs STRING v12.0 (2026-07-12T01:17:03.759858+00:00),pmcid+string_db
CDH3,KRT5,0.755,0.724,True,True,True,PMC9854651 (S4) vs STRING v12.0 (2026-07-12T01:17:03.759858+00:00),pmcid+string_db
CDKN2A,FGFR3,,0.775,False,True,False,PMC9854651 (S4) vs STRING v12.0 (2026-07-12T01:17:03.759858+00:00),pmcid+string_db
CDKN2A,HRAS,0.973,0.99,True,True,True,PMC9854651 (S4) vs STRING v12.0 (2026-07-12T01:17:03.759858+00:00),pmcid+string_db
CDKN2A,IKBKG,0.909,,True,False,False,PMC9854651 (S4) vs STRING v12.0 (2026-07-12T01:17:03.759858+00:00),pmcid+string_db
CDKN2A,MC1R,,0.793,False,True,False,PMC9854651 (S4) vs STRING v12.0 (2026-07-12T01:17:03.759858+00:00),pmcid+string_db
CDKN2A,MLH1,0.81,0.855,True,True,True,PMC9854651 (S4) vs STRING v12.0 (2026-07-12T01:17:03.759858+00:00),pmcid+string_db
CDKN2A,MTAP,0.791,0.931,True,True,True,PMC9854651 (S4) vs STRING v12.0 (2026-07-12T01:17:03.759858+00:00),pmcid+string_db
CDKN2A,NF1,0.722,0.772,True,True,True,PMC9854651 (S4) vs STRING v12.0 (2026-07-12T01:17:03.759858+00:00),pmcid+string_db
CDKN2A,NRAS,0.937,0.984,True,True,True,PMC9854651 (S4) vs STRING v12.0 (2026-07-12T01:17:03.759858+00:00),pmcid+string_db
CDKN2A,PTEN,0.834,0.923,True,True,True,PMC9854651 (S4) vs STRING v12.0 (2026-07-12T01:17:03.759858+00:00),pmcid+string_db
CDKN2A,STK11,0.743,0.824,True,True,True,PMC9854651 (S4) vs STRING v12.0 (2026-07-12T01:17:03.759858+00:00),pmcid+string_db
CDKN2A,TERT,0.779,0.817,True,True,True,PMC9854651 (S4) vs STRING v12.0 (2026-07-12T01:17:03.759858+00:00),pmcid+string_db
CDKN2A,TNFSF11,0.735,,True,False,False,PMC9854651 (S4) vs STRING v12.0 (2026-07-12T01:17:03.759858+00:00),pmcid+string_db
CDKN2A,TP63,0.962,0.741,True,True,True,PMC9854651 (S4) vs STRING v12.0 (2026-07-12T01:17:03.759858+00:00),pmcid+string_db
CDKN2A,WRN,0.957,0.747,True,True,True,PMC9854651 (S4) vs STRING v12.0 (2026-07-12T01:17:03.759858+00:00),pmcid+string_db
CTC1,DKC1,0.789,0.815,True,True,True,PMC9854651 (S4) vs STRING v12.0 (2026-07-12T01:17:03.759858+00:00),pmcid+string_db
CTC1,NHP2,0.908,0.887,True,True,True,PMC9854651 (S4) vs STRING v12.0 (2026-07-12T01:17:03.759858+00:00),pmcid+string_db
CTC1,NOP10,0.908,0.854,True,True,True,PMC9854651 (S4) vs STRING v12.0 (2026-07-12T01:17:03.759858+00:00),pmcid+string_db
CTC1,PARN,,0.773,False,True,False,PMC9854651 (S4) vs STRING v12.0 (2026-07-12T01:17:03.759858+00:00),pmcid+string_db
CTC1,POLA1,,0.983,False,True,False,PMC9854651 (S4) vs STRING v12.0 (2026-07-12T01:17:03.759858+00:00),pmcid+string_db
CTC1,RTEL1,0.896,0.875,True,True,True,PMC9854651 (S4) vs STRING v12.0 (2026-07-12T01:17:03.759858+00:00),pmcid+string_db
CTC1,TERT,0.876,0.871,True,True,True,PMC9854651 (S4) vs STRING v12.0 (2026-07-12T01:17:03.759858+00:00),pmcid+string_db
CTC1,TINF2,0.958,0.972,True,True,True,PMC9854651 (S4) vs STRING v12.0 (2026-07-12T01:17:03.759858+00:00),pmcid+string_db
CTC1,WRAP53,0.775,0.873,True,True,True,PMC9854651 (S4) vs STRING v12.0 (2026-07-12T01:17:03.759858+00:00),pmcid+string_db
CTLA4,FASLG,0.701,0.833,True,True,True,PMC9854651 (S4) vs STRING v12.0 (2026-07-12T01:17:03.759858+00:00),pmcid+string_db
CTLA4,FLNA,0.932,,True,False,False,PMC9854651 (S4) vs STRING v12.0 (2026-07-12T01:17:03.759858+00:00),pmcid+string_db
CTLA4,GZMB,0.839,0.827,True,True,True,PMC9854651 (S4) vs STRING v12.0 (2026-07-12T01:17:03.759858+00:00),pmcid+string_db
CTLA4,HLA-DQA1,,0.715,False,True,False,PMC9854651 (S4) vs STRING v12.0 (2026-07-12T01:17:03.759858+00:00),pmcid+string_db
CTLA4,HLA-DRB1,,0.746,False,True,False,PMC9854651 (S4) vs STRING v12.0 (2026-07-12T01:17:03.759858+00:00),pmcid+string_db
CTLA4,IL17A,0.861,0.88,True,True,True,PMC9854651 (S4) vs STRING v12.0 (2026-07-12T01:17:03.759858+00:00),pmcid+string_db
CTLA4,IL2RA,0.775,0.871,True,True,True,PMC9854651 (S4) vs STRING v12.0 (2026-07-12T01:17:03.759858+00:00),pmcid+string_db
CTLA4,PTPN11,0.999,0.991,True,True,True,PMC9854651 (S4) vs STRING v12.0 (2026-07-12T01:17:03.759858+00:00),pmcid+string_db
CTLA4,PTPN22,0.767,0.864,True,True,True,PMC9854651 (S4) vs STRING v12.0 (2026-07-12T01:17:03.759858+00:00),pmcid+string_db
CTLA4,PTPRC,0.828,0.746,True,True,True,PMC9854651 (S4) vs STRING v12.0 (2026-07-12T01:17:03.759858+00:00),pmcid+string_db
CYP11A1,MC2R,0.72,0.895,True,True,True,PMC9854651 (S4) vs STRING v12.0 (2026-07-12T01:17:03.759858+00:00),pmcid+string_db
CYP11A1,NR0B1,,0.842,False,True,False,PMC9854651 (S4) vs STRING v12.0 (2026-07-12T01:17:03.759858+00:00),pmcid+string_db
CYP11A1,POMC,0.71,0.835,True,True,True,PMC9854651 (S4) vs STRING v12.0 (2026-07-12T01:17:03.759858+00:00),pmcid+string_db
CYP11A1,STAR,0.976,0.979,True,True,True,PMC9854651 (S4) vs STRING v12.0 (2026-07-12T01:17:03.759858+00:00),pmcid+string_db
DDB2,ERCC1,0.897,0.859,True,True,True,PMC9854651 (S4) vs STRING v12.0 (2026-07-12T01:17:03.759858+00:00),pmcid+string_db
DDB2,ERCC2,0.845,0.915,True,True,True,PMC9854651 (S4) vs STRING v12.0 (2026-07-12T01:17:03.759858+00:00),pmcid+string_db
DDB2,ERCC3,0.854,0.877,True,True,True,PMC9854651 (S4) vs STRING v12.0 (2026-07-12T01:17:03.759858+00:00),pmcid+string_db
DDB2,ERCC4,0.842,0.81,True,True,True,PMC9854651 (S4) vs STRING v12.0 (2026-07-12T01:17:03.759858+00:00),pmcid+string_db
DDB2,ERCC5,0.859,0.843,True,True,True,PMC9854651 (S4) vs STRING v12.0 (2026-07-12T01:17:03.759858+00:00),pmcid+string_db
DDB2,XPA,0.975,0.989,True,True,True,PMC9854651 (S4) vs STRING v12.0 (2026-07-12T01:17:03.759858+00:00),pmcid+string_db
DDB2,XPC,0.989,0.982,True,True,True,PMC9854651 (S4) vs STRING v12.0 (2026-07-12T01:17:03.759858+00:00),pmcid+string_db
DDX3X,DDX6,0.747,0.819,True,True,True,PMC9854651 (S4) vs STRING v12.0 (2026-07-12T01:17:03.759858+00:00),pmcid+string_db
DDX3X,IRF3,0.865,,True,False,False,PMC9854651 (S4) vs STRING v12.0 (2026-07-12T01:17:03.759858+00:00),pmcid+string_db
DDX3X,NLRP1,0.723,0.743,True,True,True,PMC9854651 (S4) vs STRING v12.0 (2026-07-12T01:17:03.759858+00:00),pmcid+string_db
DDX3X,USP9X,0.851,0.816,True,True,True,PMC9854651 (S4) vs STRING v12.0 (2026-07-12T01:17:03.759858+00:00),pmcid+string_db
DDX6,FMR1,0.716,0.817,True,True,True,PMC9854651 (S4) vs STRING v12.0 (2026-07-12T01:17:03.759858+00:00),pmcid+string_db
DKC1,GAR1,,0.999,False,True,False,PMC9854651 (S4) vs STRING v12.0 (2026-07-12T01:17:03.759858+00:00),pmcid+string_db
DKC1,NHP2,0.999,0.999,True,True,True,PMC9854651 (S4) vs STRING v12.0 (2026-07-12T01:17:03.759858+00:00),pmcid+string_db
DKC1,NOP10,0.999,0.999,True,True,True,PMC9854651 (S4) vs STRING v12.0 (2026-07-12T01:17:03.759858+00:00),pmcid+string_db
DKC1,PARN,0.71,0.745,True,True,True,PMC9854651 (S4) vs STRING v12.0 (2026-07-12T01:17:03.759858+00:00),pmcid+string_db
DKC1,RTEL1,0.898,0.894,True,True,True,PMC9854651 (S4) vs STRING v12.0 (2026-07-12T01:17:03.759858+00:00),pmcid+string_db
DKC1,TERT,0.999,0.999,True,True,True,PMC9854651 (S4) vs STRING v12.0 (2026-07-12T01:17:03.759858+00:00),pmcid+string_db
DKC1,TINF2,0.946,0.97,True,True,True,PMC9854651 (S4) vs STRING v12.0 (2026-07-12T01:17:03.759858+00:00),pmcid+string_db
DKC1,WRAP53,0.999,0.999,True,True,True,PMC9854651 (S4) vs STRING v12.0 (2026-07-12T01:17:03.759858+00:00),pmcid+string_db
DTNBP1,HPS1,0.768,0.802,True,True,True,PMC9854651 (S4) vs STRING v12.0 (2026-07-12T01:17:03.759858+00:00),pmcid+string_db
DTNBP1,HPS3,0.945,0.978,True,True,True,PMC9854651 (S4) vs STRING v12.0 (2026-07-12T01:17:03.759858+00:00),pmcid+string_db
DTNBP1,HPS4,0.945,0.972,True,True,True,PMC9854651 (S4) vs STRING v12.0 (2026-07-12T01:17:03.759858+00:00),pmcid+string_db
DTNBP1,HPS5,0.947,0.984,True,True,True,PMC9854651 (S4) vs STRING v12.0 (2026-07-12T01:17:03.759858+00:00),pmcid+string_db
DTNBP1,HPS6,0.946,0.982,True,True,True,PMC9854651 (S4) vs STRING v12.0 (2026-07-12T01:17:03.759858+00:00),pmcid+string_db
EDN3,EDNRB,0.999,0.999,True,True,True,PMC9854651 (S4) vs STRING v12.0 (2026-07-12T01:17:03.759858+00:00),pmcid+string_db
EDN3,KITLG,0.714,,True,False,False,PMC9854651 (S4) vs STRING v12.0 (2026-07-12T01:17:03.759858+00:00),pmcid+string_db
EDN3,PAX3,,0.702,False,True,False,PMC9854651 (S4) vs STRING v12.0 (2026-07-12T01:17:03.759858+00:00),pmcid+string_db
EDN3,SOX10,0.801,0.876,True,True,True,PMC9854651 (S4) vs STRING v12.0 (2026-07-12T01:17:03.759858+00:00),pmcid+string_db
EDNRB,KIT,,0.703,False,True,False,PMC9854651 (S4) vs STRING v12.0 (2026-07-12T01:17:03.759858+00:00),pmcid+string_db
EDNRB,KITLG,,0.881,False,True,False,PMC9854651 (S4) vs STRING v12.0 (2026-07-12T01:17:03.759858+00:00),pmcid+string_db
EDNRB,PLCB3,0.912,,True,False,False,PMC9854651 (S4) vs STRING v12.0 (2026-07-12T01:17:03.759858+00:00),pmcid+string_db
EDNRB,POMC,,0.765,False,True,False,PMC9854651 (S4) vs STRING v12.0 (2026-07-12T01:17:03.759858+00:00),pmcid+string_db
EDNRB,SOX10,0.888,0.908,True,True,True,PMC9854651 (S4) vs STRING v12.0 (2026-07-12T01:17:03.759858+00:00),pmcid+string_db
EGR2,SOX10,0.987,0.986,True,True,True,PMC9854651 (S4) vs STRING v12.0 (2026-07-12T01:17:03.759858+00:00),pmcid+string_db
EIF2S2,EIF6,0.793,0.729,True,True,True,PMC9854651 (S4) vs STRING v12.0 (2026-07-12T01:17:03.759858+00:00),pmcid+string_db
EIF2S2,RALY,0.917,0.936,True,True,True,PMC9854651 (S4) vs STRING v12.0 (2026-07-12T01:17:03.759858+00:00),pmcid+string_db
EIF6,FANCE,,0.783,False,True,False,PMC9854651 (S4) vs STRING v12.0 (2026-07-12T01:17:03.759858+00:00),pmcid+string_db
EIF6,NHP2,0.781,0.794,True,True,True,PMC9854651 (S4) vs STRING v12.0 (2026-07-12T01:17:03.759858+00:00),pmcid+string_db
ENPP1,NNT,0.9,0.9,True,True,True,PMC9854651 (S4) vs STRING v12.0 (2026-07-12T01:17:03.759858+00:00),pmcid+string_db
ERCC1,ERCC2,0.979,0.996,True,True,True,PMC9854651 (S4) vs STRING v12.0 (2026-07-12T01:17:03.759858+00:00),pmcid+string_db
ERCC1,ERCC3,0.949,0.994,True,True,True,PMC9854651 (S4) vs STRING v12.0 (2026-07-12T01:17:03.759858+00:00),pmcid+string_db
ERCC1,ERCC4,0.999,0.999,True,True,True,PMC9854651 (S4) vs STRING v12.0 (2026-07-12T01:17:03.759858+00:00),pmcid+string_db
ERCC1,ERCC5,0.994,0.997,True,True,True,PMC9854651 (S4) vs STRING v12.0 (2026-07-12T01:17:03.759858+00:00),pmcid+string_db
ERCC1,ERCC6,0.815,0.926,True,True,True,PMC9854651 (S4) vs STRING v12.0 (2026-07-12T01:17:03.759858+00:00),pmcid+string_db
ERCC1,FANCA,0.89,0.842,True,True,True,PMC9854651 (S4) vs STRING v12.0 (2026-07-12T01:17:03.759858+00:00),pmcid+string_db
ERCC1,FANCB,0.81,0.715,True,True,True,PMC9854651 (S4) vs STRING v12.0 (2026-07-12T01:17:03.759858+00:00),pmcid+string_db
ERCC1,FANCC,0.863,0.886,True,True,True,PMC9854651 (S4) vs STRING v12.0 (2026-07-12T01:17:03.759858+00:00),pmcid+string_db
ERCC1,FANCD2,0.955,0.951,True,True,True,PMC9854651 (S4) vs STRING v12.0 (2026-07-12T01:17:03.759858+00:00),pmcid+string_db
ERCC1,FANCE,0.81,0.71,True,True,True,PMC9854651 (S4) vs STRING v12.0 (2026-07-12T01:17:03.759858+00:00),pmcid+string_db
ERCC1,FANCI,0.931,0.907,True,True,True,PMC9854651 (S4) vs STRING v12.0 (2026-07-12T01:17:03.759858+00:00),pmcid+string_db
ERCC1,MLH1,0.895,0.873,True,True,True,PMC9854651 (S4) vs STRING v12.0 (2026-07-12T01:17:03.759858+00:00),pmcid+string_db
ERCC1,MSH2,0.998,0.992,True,True,True,PMC9854651 (S4) vs STRING v12.0 (2026-07-12T01:17:03.759858+00:00),pmcid+string_db
ERCC1,MSH6,0.985,0.974,True,True,True,PMC9854651 (S4) vs STRING v12.0 (2026-07-12T01:17:03.759858+00:00),pmcid+string_db
ERCC1,NBN,0.943,0.7,True,True,True,PMC9854651 (S4) vs STRING v12.0 (2026-07-12T01:17:03.759858+00:00),pmcid+string_db
ERCC1,PALB2,,0.757,False,True,False,PMC9854651 (S4) vs STRING v12.0 (2026-07-12T01:17:03.759858+00:00),pmcid+string_db
ERCC1,PMS2,0.907,0.838,True,True,True,PMC9854651 (S4) vs STRING v12.0 (2026-07-12T01:17:03.759858+00:00),pmcid+string_db
ERCC1,UVSSA,0.804,,True,False,False,PMC9854651 (S4) vs STRING v12.0 (2026-07-12T01:17:03.759858+00:00),pmcid+string_db
ERCC1,WRN,0.971,0.855,True,True,True,PMC9854651 (S4) vs STRING v12.0 (2026-07-12T01:17:03.759858+00:00),pmcid+string_db
ERCC1,XPA,0.999,0.999,True,True,True,PMC9854651 (S4) vs STRING v12.0 (2026-07-12T01:17:03.759858+00:00),pmcid+string_db
ERCC1,XPC,0.987,0.994,True,True,True,PMC9854651 (S4) vs STRING v12.0 (2026-07-12T01:17:03.759858+00:00),pmcid+string_db
ERCC2,ERCC3,0.999,0.999,True,True,True,PMC9854651 (S4) vs STRING v12.0 (2026-07-12T01:17:03.759858+00:00),pmcid+string_db
ERCC2,ERCC4,0.971,0.988,True,True,True,PMC9854651 (S4) vs STRING v12.0 (2026-07-12T01:17:03.759858+00:00),pmcid+string_db
ERCC2,ERCC5,0.984,0.999,True,True,True,PMC9854651 (S4) vs STRING v12.0 (2026-07-12T01:17:03.759858+00:00),pmcid+string_db
ERCC2,ERCC6,0.885,0.973,True,True,True,PMC9854651 (S4) vs STRING v12.0 (2026-07-12T01:17:03.759858+00:00),pmcid+string_db
ERCC2,FANCD2,,0.795,False,True,False,PMC9854651 (S4) vs STRING v12.0 (2026-07-12T01:17:03.759858+00:00),pmcid+string_db
ERCC2,FANCI,,0.714,False,True,False,PMC9854651 (S4) vs STRING v12.0 (2026-07-12T01:17:03.759858+00:00),pmcid+string_db
ERCC2,MSH6,0.727,0.709,True,True,True,PMC9854651 (S4) vs STRING v12.0 (2026-07-12T01:17:03.759858+00:00),pmcid+string_db
ERCC2,RTEL1,0.707,,True,False,False,PMC9854651 (S4) vs STRING v12.0 (2026-07-12T01:17:03.759858+00:00),pmcid+string_db
ERCC2,UVSSA,0.837,0.83,True,True,True,PMC9854651 (S4) vs STRING v12.0 (2026-07-12T01:17:03.759858+00:00),pmcid+string_db
ERCC2,WRN,,0.732,False,True,False,PMC9854651 (S4) vs STRING v12.0 (2026-07-12T01:17:03.759858+00:00),pmcid+string_db
ERCC2,XPA,0.994,0.999,True,True,True,PMC9854651 (S4) vs STRING v12.0 (2026-07-12T01:17:03.759858+00:00),pmcid+string_db
ERCC2,XPC,0.875,0.926,True,True,True,PMC9854651 (S4) vs STRING v12.0 (2026-07-12T01:17:03.759858+00:00),pmcid+string_db
ERCC3,ERCC4,0.992,0.987,True,True,True,PMC9854651 (S4) vs STRING v12.0 (2026-07-12T01:17:03.759858+00:00),pmcid+string_db
ERCC3,ERCC5,0.991,0.999,True,True,True,PMC9854651 (S4) vs STRING v12.0 (2026-07-12T01:17:03.759858+00:00),pmcid+string_db
ERCC3,ERCC6,0.87,0.976,True,True,True,PMC9854651 (S4) vs STRING v12.0 (2026-07-12T01:17:03.759858+00:00),pmcid+string_db
ERCC3,FANCD2,,0.722,False,True,False,PMC9854651 (S4) vs STRING v12.0 (2026-07-12T01:17:03.759858+00:00),pmcid+string_db
ERCC3,FANCI,,0.7,False,True,False,PMC9854651 (S4) vs STRING v12.0 (2026-07-12T01:17:03.759858+00:00),pmcid+string_db
ERCC3,MLH1,0.798,0.827,True,True,True,PMC9854651 (S4) vs STRING v12.0 (2026-07-12T01:17:03.759858+00:00),pmcid+string_db
ERCC3,MSH2,0.778,0.829,True,True,True,PMC9854651 (S4) vs STRING v12.0 (2026-07-12T01:17:03.759858+00:00),pmcid+string_db
ERCC3,MSH6,0.765,0.841,True,True,True,PMC9854651 (S4) vs STRING v12.0 (2026-07-12T01:17:03.759858+00:00),pmcid+string_db
ERCC3,PALB2,,0.746,False,True,False,PMC9854651 (S4) vs STRING v12.0 (2026-07-12T01:17:03.759858+00:00),pmcid+string_db
ERCC3,PMS2,0.789,0.823,True,True,True,PMC9854651 (S4) vs STRING v12.0 (2026-07-12T01:17:03.759858+00:00),pmcid+string_db
ERCC3,RECQL4,0.769,,True,False,False,PMC9854651 (S4) vs STRING v12.0 (2026-07-12T01:17:03.759858+00:00),pmcid+string_db
ERCC3,RTEL1,,0.783,False,True,False,PMC9854651 (S4) vs STRING v12.0 (2026-07-12T01:17:03.759858+00:00),pmcid+string_db
ERCC3,UVSSA,0.837,0.869,True,True,True,PMC9854651 (S4) vs STRING v12.0 (2026-07-12T01:17:03.759858+00:00),pmcid+string_db
ERCC3,WRN,0.895,,True,False,False,PMC9854651 (S4) vs STRING v12.0 (2026-07-12T01:17:03.759858+00:00),pmcid+string_db
ERCC3,XPA,0.991,0.999,True,True,True,PMC9854651 (S4) vs STRING v12.0 (2026-07-12T01:17:03.759858+00:00),pmcid+string_db
ERCC3,XPC,0.945,0.972,True,True,True,PMC9854651 (S4) vs STRING v12.0 (2026-07-12T01:17:03.759858+00:00),pmcid+string_db
ERCC4,ERCC5,0.995,0.998,True,True,True,PMC9854651 (S4) vs STRING v12.0 (2026-07-12T01:17:03.759858+00:00),pmcid+string_db
ERCC4,ERCC6,0.898,0.934,True,True,True,PMC9854651 (S4) vs STRING v12.0 (2026-07-12T01:17:03.759858+00:00),pmcid+string_db
ERCC4,FANCA,0.923,0.912,True,True,True,PMC9854651 (S4) vs STRING v12.0 (2026-07-12T01:17:03.759858+00:00),pmcid+string_db
ERCC4,FANCB,0.873,0.828,True,True,True,PMC9854651 (S4) vs STRING v12.0 (2026-07-12T01:17:03.759858+00:00),pmcid+string_db
ERCC4,FANCC,0.88,0.853,True,True,True,PMC9854651 (S4) vs STRING v12.0 (2026-07-12T01:17:03.759858+00:00),pmcid+string_db
ERCC4,FANCD2,0.933,0.957,True,True,True,PMC9854651 (S4) vs STRING v12.0 (2026-07-12T01:17:03.759858+00:00),pmcid+string_db
ERCC4,FANCE,0.857,0.825,True,True,True,PMC9854651 (S4) vs STRING v12.0 (2026-07-12T01:17:03.759858+00:00),pmcid+string_db
ERCC4,FANCI,0.895,0.879,True,True,True,PMC9854651 (S4) vs STRING v12.0 (2026-07-12T01:17:03.759858+00:00),pmcid+string_db
ERCC4,MLH1,0.897,0.848,True,True,True,PMC9854651 (S4) vs STRING v12.0 (2026-07-12T01:17:03.759858+00:00),pmcid+string_db
ERCC4,MSH2,0.99,0.989,True,True,True,PMC9854651 (S4) vs STRING v12.0 (2026-07-12T01:17:03.759858+00:00),pmcid+string_db
ERCC4,MSH6,0.993,0.966,True,True,True,PMC9854651 (S4) vs STRING v12.0 (2026-07-12T01:17:03.759858+00:00),pmcid+string_db
ERCC4,NBN,0.937,,True,False,False,PMC9854651 (S4) vs STRING v12.0 (2026-07-12T01:17:03.759858+00:00),pmcid+string_db
ERCC4,PALB2,,0.818,False,True,False,PMC9854651 (S4) vs STRING v12.0 (2026-07-12T01:17:03.759858+00:00),pmcid+string_db
ERCC4,PMS2,0.799,0.799,True,True,True,PMC9854651 (S4) vs STRING v12.0 (2026-07-12T01:17:03.759858+00:00),pmcid+string_db
ERCC4,RECQL4,0.717,0.767,True,True,True,PMC9854651 (S4) vs STRING v12.0 (2026-07-12T01:17:03.759858+00:00),pmcid+string_db
ERCC4,UVSSA,0.744,,True,False,False,PMC9854651 (S4) vs STRING v12.0 (2026-07-12T01:17:03.759858+00:00),pmcid+string_db
ERCC4,WRN,0.992,0.863,True,True,True,PMC9854651 (S4) vs STRING v12.0 (2026-07-12T01:17:03.759858+00:00),pmcid+string_db
ERCC4,XPA,0.997,0.999,True,True,True,PMC9854651 (S4) vs STRING v12.0 (2026-07-12T01:17:03.759858+00:00),pmcid+string_db
ERCC4,XPC,0.986,0.983,True,True,True,PMC9854651 (S4) vs STRING v12.0 (2026-07-12T01:17:03.759858+00:00),pmcid+string_db
ERCC5,ERCC6,0.952,0.999,True,True,True,PMC9854651 (S4) vs STRING v12.0 (2026-07-12T01:17:03.759858+00:00),pmcid+string_db
ERCC5,FANCD2,,0.773,False,True,False,PMC9854651 (S4) vs STRING v12.0 (2026-07-12T01:17:03.759858+00:00),pmcid+string_db
ERCC5,FANCI,,0.713,False,True,False,PMC9854651 (S4) vs STRING v12.0 (2026-07-12T01:17:03.759858+00:00),pmcid+string_db
ERCC5,MLH1,0.885,0.823,True,True,True,PMC9854651 (S4) vs STRING v12.0 (2026-07-12T01:17:03.759858+00:00),pmcid+string_db
ERCC5,MSH2,0.978,0.962,True,True,True,PMC9854651 (S4) vs STRING v12.0 (2026-07-12T01:17:03.759858+00:00),pmcid+string_db
ERCC5,MSH6,0.975,0.963,True,True,True,PMC9854651 (S4) vs STRING v12.0 (2026-07-12T01:17:03.759858+00:00),pmcid+string_db
ERCC5,PALB2,,0.813,False,True,False,PMC9854651 (S4) vs STRING v12.0 (2026-07-12T01:17:03.759858+00:00),pmcid+string_db
ERCC5,PMS2,0.847,0.801,True,True,True,PMC9854651 (S4) vs STRING v12.0 (2026-07-12T01:17:03.759858+00:00),pmcid+string_db
ERCC5,RECQL4,0.718,,True,False,False,PMC9854651 (S4) vs STRING v12.0 (2026-07-12T01:17:03.759858+00:00),pmcid+string_db
ERCC5,UVSSA,0.771,,True,False,False,PMC9854651 (S4) vs STRING v12.0 (2026-07-12T01:17:03.759858+00:00),pmcid+string_db
ERCC5,WRN,0.822,0.753,True,True,True,PMC9854651 (S4) vs STRING v12.0 (2026-07-12T01:17:03.759858+00:00),pmcid+string_db
ERCC5,XPA,0.978,0.992,True,True,True,PMC9854651 (S4) vs STRING v12.0 (2026-07-12T01:17:03.759858+00:00),pmcid+string_db
ERCC5,XPC,0.967,0.971,True,True,True,PMC9854651 (S4) vs STRING v12.0 (2026-07-12T01:17:03.759858+00:00),pmcid+string_db
ERCC6,UVSSA,0.895,0.986,True,True,True,PMC9854651 (S4) vs STRING v12.0 (2026-07-12T01:17:03.759858+00:00),pmcid+string_db
ERCC6,XPA,0.922,0.99,True,True,True,PMC9854651 (S4) vs STRING v12.0 (2026-07-12T01:17:03.759858+00:00),pmcid+string_db
ERCC6,XPC,0.827,0.758,True,True,True,PMC9854651 (S4) vs STRING v12.0 (2026-07-12T01:17:03.759858+00:00),pmcid+string_db
ESCO2,MCM4,0.777,,True,False,False,PMC9854651 (S4) vs STRING v12.0 (2026-07-12T01:17:03.759858+00:00),pmcid+string_db
FADS2,PLA2G6,0.746,0.713,True,True,True,PMC9854651 (S4) vs STRING v12.0 (2026-07-12T01:17:03.759858+00:00),pmcid+string_db
FANCA,FANCB,0.999,0.999,True,True,True,PMC9854651 (S4) vs STRING v12.0 (2026-07-12T01:17:03.759858+00:00),pmcid+string_db
FANCA,FANCC,0.999,0.999,True,True,True,PMC9854651 (S4) vs STRING v12.0 (2026-07-12T01:17:03.759858+00:00),pmcid+string_db
FANCA,FANCD2,0.996,0.999,True,True,True,PMC9854651 (S4) vs STRING v12.0 (2026-07-12T01:17:03.759858+00:00),pmcid+string_db
FANCA,FANCE,0.999,0.999,True,True,True,PMC9854651 (S4) vs STRING v12.0 (2026-07-12T01:17:03.759858+00:00),pmcid+string_db
FANCA,FANCI,0.995,0.999,True,True,True,PMC9854651 (S4) vs STRING v12.0 (2026-07-12T01:17:03.759858+00:00),pmcid+string_db
FANCA,MSH2,,0.716,False,True,False,PMC9854651 (S4) vs STRING v12.0 (2026-07-12T01:17:03.759858+00:00),pmcid+string_db
FANCA,PALB2,0.898,0.9,True,True,True,PMC9854651 (S4) vs STRING v12.0 (2026-07-12T01:17:03.759858+00:00),pmcid+string_db
FANCA,WRN,,0.831,False,True,False,PMC9854651 (S4) vs STRING v12.0 (2026-07-12T01:17:03.759858+00:00),pmcid+string_db
FANCB,FANCC,0.999,0.999,True,True,True,PMC9854651 (S4) vs STRING v12.0 (2026-07-12T01:17:03.759858+00:00),pmcid+string_db
FANCB,FANCD2,0.992,0.999,True,True,True,PMC9854651 (S4) vs STRING v12.0 (2026-07-12T01:17:03.759858+00:00),pmcid+string_db
FANCB,FANCE,0.995,0.999,True,True,True,PMC9854651 (S4) vs STRING v12.0 (2026-07-12T01:17:03.759858+00:00),pmcid+string_db
FANCB,FANCI,0.993,0.999,True,True,True,PMC9854651 (S4) vs STRING v12.0 (2026-07-12T01:17:03.759858+00:00),pmcid+string_db
FANCB,PALB2,0.886,0.866,True,True,True,PMC9854651 (S4) vs STRING v12.0 (2026-07-12T01:17:03.759858+00:00),pmcid+string_db
FANCC,FANCD2,0.998,0.999,True,True,True,PMC9854651 (S4) vs STRING v12.0 (2026-07-12T01:17:03.759858+00:00),pmcid+string_db
FANCC,FANCE,0.999,0.999,True,True,True,PMC9854651 (S4) vs STRING v12.0 (2026-07-12T01:17:03.759858+00:00),pmcid+string_db
FANCC,FANCI,0.992,0.999,True,True,True,PMC9854651 (S4) vs STRING v12.0 (2026-07-12T01:17:03.759858+00:00),pmcid+string_db
FANCC,PALB2,0.887,0.908,True,True,True,PMC9854651 (S4) vs STRING v12.0 (2026-07-12T01:17:03.759858+00:00),pmcid+string_db
FANCC,PMS2,,0.709,False,True,False,PMC9854651 (S4) vs STRING v12.0 (2026-07-12T01:17:03.759858+00:00),pmcid+string_db
FANCC,WRN,,0.788,False,True,False,PMC9854651 (S4) vs STRING v12.0 (2026-07-12T01:17:03.759858+00:00),pmcid+string_db
FANCD2,FANCE,0.999,0.999,True,True,True,PMC9854651 (S4) vs STRING v12.0 (2026-07-12T01:17:03.759858+00:00),pmcid+string_db
FANCD2,FANCI,0.999,0.999,True,True,True,PMC9854651 (S4) vs STRING v12.0 (2026-07-12T01:17:03.759858+00:00),pmcid+string_db
FANCD2,MCM4,0.765,0.74,True,True,True,PMC9854651 (S4) vs STRING v12.0 (2026-07-12T01:17:03.759858+00:00),pmcid+string_db
FANCD2,MEN1,0.919,0.913,True,True,True,PMC9854651 (S4) vs STRING v12.0 (2026-07-12T01:17:03.759858+00:00),pmcid+string_db
FANCD2,MLH1,0.828,0.971,True,True,True,PMC9854651 (S4) vs STRING v12.0 (2026-07-12T01:17:03.759858+00:00),pmcid+string_db
FANCD2,MSH2,0.788,0.957,True,True,True,PMC9854651 (S4) vs STRING v12.0 (2026-07-12T01:17:03.759858+00:00),pmcid+string_db
FANCD2,MSH6,,0.874,False,True,False,PMC9854651 (S4) vs STRING v12.0 (2026-07-12T01:17:03.759858+00:00),pmcid+string_db
FANCD2,NBN,0.985,0.858,True,True,True,PMC9854651 (S4) vs STRING v12.0 (2026-07-12T01:17:03.759858+00:00),pmcid+string_db
FANCD2,PALB2,0.99,0.991,True,True,True,PMC9854651 (S4) vs STRING v12.0 (2026-07-12T01:17:03.759858+00:00),pmcid+string_db
FANCD2,PMS2,,0.832,False,True,False,PMC9854651 (S4) vs STRING v12.0 (2026-07-12T01:17:03.759858+00:00),pmcid+string_db
FANCD2,POLH,0.702,,True,False,False,PMC9854651 (S4) vs STRING v12.0 (2026-07-12T01:17:03.759858+00:00),pmcid+string_db
FANCD2,RECQL4,0.743,0.747,True,True,True,PMC9854651 (S4) vs STRING v12.0 (2026-07-12T01:17:03.759858+00:00),pmcid+string_db
FANCD2,WRN,0.78,0.871,True,True,True,PMC9854651 (S4) vs STRING v12.0 (2026-07-12T01:17:03.759858+00:00),pmcid+string_db
FANCD2,XPA,0.757,0.86,True,True,True,PMC9854651 (S4) vs STRING v12.0 (2026-07-12T01:17:03.759858+00:00),pmcid+string_db
FANCD2,XPC,,0.712,False,True,False,PMC9854651 (S4) vs STRING v12.0 (2026-07-12T01:17:03.759858+00:00),pmcid+string_db
FANCE,FANCI,0.993,0.999,True,True,True,PMC9854651 (S4) vs STRING v12.0 (2026-07-12T01:17:03.759858+00:00),pmcid+string_db
FANCE,NHP2,,0.741,False,True,False,PMC9854651 (S4) vs STRING v12.0 (2026-07-12T01:17:03.759858+00:00),pmcid+string_db
FANCE,PALB2,0.863,0.884,True,True,True,PMC9854651 (S4) vs STRING v12.0 (2026-07-12T01:17:03.759858+00:00),pmcid+string_db
FANCE,WRN,,0.752,False,True,False,PMC9854651 (S4) vs STRING v12.0 (2026-07-12T01:17:03.759858+00:00),pmcid+string_db
FANCI,MCM4,0.793,,True,False,False,PMC9854651 (S4) vs STRING v12.0 (2026-07-12T01:17:03.759858+00:00),pmcid+string_db
FANCI,MLH1,,0.789,False,True,False,PMC9854651 (S4) vs STRING v12.0 (2026-07-12T01:17:03.759858+00:00),pmcid+string_db
FANCI,MSH2,,0.784,False,True,False,PMC9854651 (S4) vs STRING v12.0 (2026-07-12T01:17:03.759858+00:00),pmcid+string_db
FANCI,MSH6,,0.784,False,True,False,PMC9854651 (S4) vs STRING v12.0 (2026-07-12T01:17:03.759858+00:00),pmcid+string_db
FANCI,PALB2,0.99,0.988,True,True,True,PMC9854651 (S4) vs STRING v12.0 (2026-07-12T01:17:03.759858+00:00),pmcid+string_db
FANCI,PMS2,,0.866,False,True,False,PMC9854651 (S4) vs STRING v12.0 (2026-07-12T01:17:03.759858+00:00),pmcid+string_db
FANCI,RECQL4,,0.711,False,True,False,PMC9854651 (S4) vs STRING v12.0 (2026-07-12T01:17:03.759858+00:00),pmcid+string_db
FANCI,WRN,,0.805,False,True,False,PMC9854651 (S4) vs STRING v12.0 (2026-07-12T01:17:03.759858+00:00),pmcid+string_db
FANCI,XPA,,0.757,False,True,False,PMC9854651 (S4) vs STRING v12.0 (2026-07-12T01:17:03.759858+00:00),pmcid+string_db
FASLG,GZMB,0.806,0.942,True,True,True,PMC9854651 (S4) vs STRING v12.0 (2026-07-12T01:17:03.759858+00:00),pmcid+string_db
FASLG,IKBKG,0.932,,True,False,False,PMC9854651 (S4) vs STRING v12.0 (2026-07-12T01:17:03.759858+00:00),pmcid+string_db
FGFR3,HRAS,0.982,0.982,True,True,True,PMC9854651 (S4) vs STRING v12.0 (2026-07-12T01:17:03.759858+00:00),pmcid+string_db
FGFR3,KITLG,,0.724,False,True,False,PMC9854651 (S4) vs STRING v12.0 (2026-07-12T01:17:03.759858+00:00),pmcid+string_db
FGFR3,NRAS,0.967,0.981,True,True,True,PMC9854651 (S4) vs STRING v12.0 (2026-07-12T01:17:03.759858+00:00),pmcid+string_db
FGFR3,PTPN11,0.965,0.79,True,True,True,PMC9854651 (S4) vs STRING v12.0 (2026-07-12T01:17:03.759858+00:00),pmcid+string_db
FGFR3,VEGFA,0.786,,True,False,False,PMC9854651 (S4) vs STRING v12.0 (2026-07-12T01:17:03.759858+00:00),pmcid+string_db
FLNA,IKBKG,0.927,,True,False,False,PMC9854651 (S4) vs STRING v12.0 (2026-07-12T01:17:03.759858+00:00),pmcid+string_db
FMR1,MYO5A,,0.828,False,True,False,PMC9854651 (S4) vs STRING v12.0 (2026-07-12T01:17:03.759858+00:00),pmcid+string_db
FRAS1,FREM2,0.95,0.982,True,True,True,PMC9854651 (S4) vs STRING v12.0 (2026-07-12T01:17:03.759858+00:00),pmcid+string_db
FRAS1,GRIP1,0.835,0.871,True,True,True,PMC9854651 (S4) vs STRING v12.0 (2026-07-12T01:17:03.759858+00:00),pmcid+string_db
FREM2,GRIP1,0.726,0.873,True,True,True,PMC9854651 (S4) vs STRING v12.0 (2026-07-12T01:17:03.759858+00:00),pmcid+string_db
GAR1,NHP2,,0.999,False,True,False,PMC9854651 (S4) vs STRING v12.0 (2026-07-12T01:17:03.759858+00:00),pmcid+string_db
GAR1,NOP10,,0.999,False,True,False,PMC9854651 (S4) vs STRING v12.0 (2026-07-12T01:17:03.759858+00:00),pmcid+string_db
GAR1,TERT,,0.971,False,True,False,PMC9854651 (S4) vs STRING v12.0 (2026-07-12T01:17:03.759858+00:00),pmcid+string_db
GAR1,TINF2,,0.704,False,True,False,PMC9854651 (S4) vs STRING v12.0 (2026-07-12T01:17:03.759858+00:00),pmcid+string_db
GAR1,WRAP53,,0.998,False,True,False,PMC9854651 (S4) vs STRING v12.0 (2026-07-12T01:17:03.759858+00:00),pmcid+string_db
GNAS,HRAS,0.763,0.812,True,True,True,PMC9854651 (S4) vs STRING v12.0 (2026-07-12T01:17:03.759858+00:00),pmcid+string_db
GNAS,MC1R,0.933,0.929,True,True,True,PMC9854651 (S4) vs STRING v12.0 (2026-07-12T01:17:03.759858+00:00),pmcid+string_db
GNAS,MC2R,0.878,0.935,True,True,True,PMC9854651 (S4) vs STRING v12.0 (2026-07-12T01:17:03.759858+00:00),pmcid+string_db
GNAS,NRAS,,0.707,False,True,False,PMC9854651 (S4) vs STRING v12.0 (2026-07-12T01:17:03.759858+00:00),pmcid+string_db
GNAS,POMC,,0.89,False,True,False,PMC9854651 (S4) vs STRING v12.0 (2026-07-12T01:17:03.759858+00:00),pmcid+string_db
GNAS,PRKAR1A,0.981,0.916,True,True,True,PMC9854651 (S4) vs STRING v12.0 (2026-07-12T01:17:03.759858+00:00),pmcid+string_db
GPNMB,TYRP1,0.728,0.815,True,True,True,PMC9854651 (S4) vs STRING v12.0 (2026-07-12T01:17:03.759858+00:00),pmcid+string_db
GPR143,MITF,0.811,0.713,True,True,True,PMC9854651 (S4) vs STRING v12.0 (2026-07-12T01:17:03.759858+00:00),pmcid+string_db
GPR143,OCA2,0.732,0.889,True,True,True,PMC9854651 (S4) vs STRING v12.0 (2026-07-12T01:17:03.759858+00:00),pmcid+string_db
GPR143,SLC45A2,0.772,0.783,True,True,True,PMC9854651 (S4) vs STRING v12.0 (2026-07-12T01:17:03.759858+00:00),pmcid+string_db
GPR143,TYR,0.776,0.908,True,True,True,PMC9854651 (S4) vs STRING v12.0 (2026-07-12T01:17:03.759858+00:00),pmcid+string_db
GPR143,TYRP1,0.701,0.862,True,True,True,PMC9854651 (S4) vs STRING v12.0 (2026-07-12T01:17:03.759858+00:00),pmcid+string_db
GZMB,IL17A,,0.73,False,True,False,PMC9854651 (S4) vs STRING v12.0 (2026-07-12T01:17:03.759858+00:00),pmcid+string_db
GZMB,PTPRC,0.757,0.775,True,True,True,PMC9854651 (S4) vs STRING v12.0 (2026-07-12T01:17:03.759858+00:00),pmcid+string_db
GZMB,SERPINB9,0.971,0.958,True,True,True,PMC9854651 (S4) vs STRING v12.0 (2026-07-12T01:17:03.759858+00:00),pmcid+string_db
HERC2,OCA2,0.712,0.792,True,True,True,PMC9854651 (S4) vs STRING v12.0 (2026-07-12T01:17:03.759858+00:00),pmcid+string_db
HGD,PAH,0.937,0.845,True,True,True,PMC9854651 (S4) vs STRING v12.0 (2026-07-12T01:17:03.759858+00:00),pmcid+string_db
HLA-B,HLA-DQA1,0.81,0.746,True,True,True,PMC9854651 (S4) vs STRING v12.0 (2026-07-12T01:17:03.759858+00:00),pmcid+string_db
HLA-B,HLA-DQB1,0.82,0.763,True,True,True,PMC9854651 (S4) vs STRING v12.0 (2026-07-12T01:17:03.759858+00:00),pmcid+string_db
HLA-B,HLA-DRA,0.938,0.975,True,True,True,PMC9854651 (S4) vs STRING v12.0 (2026-07-12T01:17:03.759858+00:00),pmcid+string_db
HLA-B,HLA-DRB1,0.941,0.963,True,True,True,PMC9854651 (S4) vs STRING v12.0 (2026-07-12T01:17:03.759858+00:00),pmcid+string_db
HLA-B,IRF3,0.905,,True,False,False,PMC9854651 (S4) vs STRING v12.0 (2026-07-12T01:17:03.759858+00:00),pmcid+string_db
HLA-B,IRF4,0.91,,True,False,False,PMC9854651 (S4) vs STRING v12.0 (2026-07-12T01:17:03.759858+00:00),pmcid+string_db
HLA-DQA1,HLA-DQB1,0.999,0.999,True,True,True,PMC9854651 (S4) vs STRING v12.0 (2026-07-12T01:17:03.759858+00:00),pmcid+string_db
HLA-DQA1,HLA-DRA,0.875,0.838,True,True,True,PMC9854651 (S4) vs STRING v12.0 (2026-07-12T01:17:03.759858+00:00),pmcid+string_db
HLA-DQA1,HLA-DRB1,0.902,0.991,True,True,True,PMC9854651 (S4) vs STRING v12.0 (2026-07-12T01:17:03.759858+00:00),pmcid+string_db
HLA-DQA1,PTPN11,0.902,,True,False,False,PMC9854651 (S4) vs STRING v12.0 (2026-07-12T01:17:03.759858+00:00),pmcid+string_db
HLA-DQA1,PTPN22,0.952,0.879,True,True,True,PMC9854651 (S4) vs STRING v12.0 (2026-07-12T01:17:03.759858+00:00),pmcid+string_db
HLA-DQA1,PTPRC,0.939,,True,False,False,PMC9854651 (S4) vs STRING v12.0 (2026-07-12T01:17:03.759858+00:00),pmcid+string_db
HLA-DQB1,HLA-DRA,0.915,0.976,True,True,True,PMC9854651 (S4) vs STRING v12.0 (2026-07-12T01:17:03.759858+00:00),pmcid+string_db
HLA-DQB1,HLA-DRB1,0.854,0.75,True,True,True,PMC9854651 (S4) vs STRING v12.0 (2026-07-12T01:17:03.759858+00:00),pmcid+string_db
HLA-DQB1,PTPN11,0.902,,True,False,False,PMC9854651 (S4) vs STRING v12.0 (2026-07-12T01:17:03.759858+00:00),pmcid+string_db
HLA-DQB1,PTPN22,0.957,0.847,True,True,True,PMC9854651 (S4) vs STRING v12.0 (2026-07-12T01:17:03.759858+00:00),pmcid+string_db
HLA-DQB1,PTPRC,0.96,,True,False,False,PMC9854651 (S4) vs STRING v12.0 (2026-07-12T01:17:03.759858+00:00),pmcid+string_db
HLA-DRA,HLA-DRB1,0.999,0.999,True,True,True,PMC9854651 (S4) vs STRING v12.0 (2026-07-12T01:17:03.759858+00:00),pmcid+string_db
HLA-DRA,PTPN11,0.9,,True,False,False,PMC9854651 (S4) vs STRING v12.0 (2026-07-12T01:17:03.759858+00:00),pmcid+string_db
HLA-DRA,PTPN22,0.928,0.769,True,True,True,PMC9854651 (S4) vs STRING v12.0 (2026-07-12T01:17:03.759858+00:00),pmcid+string_db
HLA-DRA,PTPRC,0.947,0.784,True,True,True,PMC9854651 (S4) vs STRING v12.0 (2026-07-12T01:17:03.759858+00:00),pmcid+string_db
HLA-DRB1,PTPN11,0.909,0.716,True,True,True,PMC9854651 (S4) vs STRING v12.0 (2026-07-12T01:17:03.759858+00:00),pmcid+string_db
HLA-DRB1,PTPN22,0.989,0.968,True,True,True,PMC9854651 (S4) vs STRING v12.0 (2026-07-12T01:17:03.759858+00:00),pmcid+string_db
HLA-DRB1,PTPRC,0.95,0.739,True,True,True,PMC9854651 (S4) vs STRING v12.0 (2026-07-12T01:17:03.759858+00:00),pmcid+string_db
HPS1,HPS3,0.928,0.902,True,True,True,PMC9854651 (S4) vs STRING v12.0 (2026-07-12T01:17:03.759858+00:00),pmcid+string_db
HPS1,HPS4,0.992,0.989,True,True,True,PMC9854651 (S4) vs STRING v12.0 (2026-07-12T01:17:03.759858+00:00),pmcid+string_db
HPS1,HPS5,0.784,0.838,True,True,True,PMC9854651 (S4) vs STRING v12.0 (2026-07-12T01:17:03.759858+00:00),pmcid+string_db
HPS1,HPS6,0.897,0.874,True,True,True,PMC9854651 (S4) vs STRING v12.0 (2026-07-12T01:17:03.759858+00:00),pmcid+string_db
HPS3,HPS4,0.983,0.996,True,True,True,PMC9854651 (S4) vs STRING v12.0 (2026-07-12T01:17:03.759858+00:00),pmcid+string_db
HPS3,HPS5,0.996,0.999,True,True,True,PMC9854651 (S4) vs STRING v12.0 (2026-07-12T01:17:03.759858+00:00),pmcid+string_db
HPS3,HPS6,0.992,0.999,True,True,True,PMC9854651 (S4) vs STRING v12.0 (2026-07-12T01:17:03.759858+00:00),pmcid+string_db
HPS3,LYST,,0.742,False,True,False,PMC9854651 (S4) vs STRING v12.0 (2026-07-12T01:17:03.759858+00:00),pmcid+string_db
HPS3,TYRP1,,0.733,False,True,False,PMC9854651 (S4) vs STRING v12.0 (2026-07-12T01:17:03.759858+00:00),pmcid+string_db
HPS4,HPS5,0.97,0.992,True,True,True,PMC9854651 (S4) vs STRING v12.0 (2026-07-12T01:17:03.759858+00:00),pmcid+string_db
HPS4,HPS6,0.969,0.995,True,True,True,PMC9854651 (S4) vs STRING v12.0 (2026-07-12T01:17:03.759858+00:00),pmcid+string_db
HPS5,HPS6,0.993,0.999,True,True,True,PMC9854651 (S4) vs STRING v12.0 (2026-07-12T01:17:03.759858+00:00),pmcid+string_db
HPS5,LYST,,0.754,False,True,False,PMC9854651 (S4) vs STRING v12.0 (2026-07-12T01:17:03.759858+00:00),pmcid+string_db
HPS5,TYRP1,,0.72,False,True,False,PMC9854651 (S4) vs STRING v12.0 (2026-07-12T01:17:03.759858+00:00),pmcid+string_db
HPS6,TYRP1,,0.759,False,True,False,PMC9854651 (S4) vs STRING v12.0 (2026-07-12T01:17:03.759858+00:00),pmcid+string_db
HRAS,IL2RA,0.919,,True,False,False,PMC9854651 (S4) vs STRING v12.0 (2026-07-12T01:17:03.759858+00:00),pmcid+string_db
HRAS,KIT,0.981,0.962,True,True,True,PMC9854651 (S4) vs STRING v12.0 (2026-07-12T01:17:03.759858+00:00),pmcid+string_db
HRAS,KITLG,0.94,,True,False,False,PMC9854651 (S4) vs STRING v12.0 (2026-07-12T01:17:03.759858+00:00),pmcid+string_db
HRAS,MAP2K1,0.991,0.989,True,True,True,PMC9854651 (S4) vs STRING v12.0 (2026-07-12T01:17:03.759858+00:00),pmcid+string_db
HRAS,MLH1,0.763,,True,False,False,PMC9854651 (S4) vs STRING v12.0 (2026-07-12T01:17:03.759858+00:00),pmcid+string_db
HRAS,MSH2,0.722,,True,False,False,PMC9854651 (S4) vs STRING v12.0 (2026-07-12T01:17:03.759858+00:00),pmcid+string_db
HRAS,MSH6,0.723,,True,False,False,PMC9854651 (S4) vs STRING v12.0 (2026-07-12T01:17:03.759858+00:00),pmcid+string_db
HRAS,NF1,0.999,0.994,True,True,True,PMC9854651 (S4) vs STRING v12.0 (2026-07-12T01:17:03.759858+00:00),pmcid+string_db
HRAS,NRAS,0.987,0.932,True,True,True,PMC9854651 (S4) vs STRING v12.0 (2026-07-12T01:17:03.759858+00:00),pmcid+string_db
HRAS,PTEN,0.928,0.823,True,True,True,PMC9854651 (S4) vs STRING v12.0 (2026-07-12T01:17:03.759858+00:00),pmcid+string_db
HRAS,PTPN11,0.991,0.926,True,True,True,PMC9854651 (S4) vs STRING v12.0 (2026-07-12T01:17:03.759858+00:00),pmcid+string_db
HRAS,RAF1,0.999,0.999,True,True,True,PMC9854651 (S4) vs STRING v12.0 (2026-07-12T01:17:03.759858+00:00),pmcid+string_db
HRAS,SHOC2,0.997,0.99,True,True,True,PMC9854651 (S4) vs STRING v12.0 (2026-07-12T01:17:03.759858+00:00),pmcid+string_db
HRAS,SPRED1,0.96,0.792,True,True,True,PMC9854651 (S4) vs STRING v12.0 (2026-07-12T01:17:03.759858+00:00),pmcid+string_db
HRAS,STK11,0.811,,True,False,False,PMC9854651 (S4) vs STRING v12.0 (2026-07-12T01:17:03.759858+00:00),pmcid+string_db
HRAS,TSC2,0.73,,True,False,False,PMC9854651 (S4) vs STRING v12.0 (2026-07-12T01:17:03.759858+00:00),pmcid+string_db
HRAS,VEGFA,0.72,,True,False,False,PMC9854651 (S4) vs STRING v12.0 (2026-07-12T01:17:03.759858+00:00),pmcid+string_db
IDS,IDUA,0.976,0.981,True,True,True,PMC9854651 (S4) vs STRING v12.0 (2026-07-12T01:17:03.759858+00:00),pmcid+string_db
IKBKG,IRF3,0.93,0.961,True,True,True,PMC9854651 (S4) vs STRING v12.0 (2026-07-12T01:17:03.759858+00:00),pmcid+string_db
IKBKG,TICAM1,0.768,0.71,True,True,True,PMC9854651 (S4) vs STRING v12.0 (2026-07-12T01:17:03.759858+00:00),pmcid+string_db
IL17A,IL23R,0.817,0.927,True,True,True,PMC9854651 (S4) vs STRING v12.0 (2026-07-12T01:17:03.759858+00:00),pmcid+string_db
IL17A,IL2RA,0.729,0.805,True,True,True,PMC9854651 (S4) vs STRING v12.0 (2026-07-12T01:17:03.759858+00:00),pmcid+string_db
IL17A,IRF4,0.716,,True,False,False,PMC9854651 (S4) vs STRING v12.0 (2026-07-12T01:17:03.759858+00:00),pmcid+string_db
IL17A,POMC,0.925,,True,False,False,PMC9854651 (S4) vs STRING v12.0 (2026-07-12T01:17:03.759858+00:00),pmcid+string_db
IL17A,PTPRC,0.775,0.782,True,True,True,PMC9854651 (S4) vs STRING v12.0 (2026-07-12T01:17:03.759858+00:00),pmcid+string_db
IL17A,STAT4,,0.779,False,True,False,PMC9854651 (S4) vs STRING v12.0 (2026-07-12T01:17:03.759858+00:00),pmcid+string_db
IL17A,TNFSF11,0.716,0.744,True,True,True,PMC9854651 (S4) vs STRING v12.0 (2026-07-12T01:17:03.759858+00:00),pmcid+string_db
IL17A,VEGFA,0.972,,True,False,False,PMC9854651 (S4) vs STRING v12.0 (2026-07-12T01:17:03.759858+00:00),pmcid+string_db
IL23R,STAT4,0.964,0.911,True,True,True,PMC9854651 (S4) vs STRING v12.0 (2026-07-12T01:17:03.759858+00:00),pmcid+string_db
IL2RA,MAP2K1,0.907,,True,False,False,PMC9854651 (S4) vs STRING v12.0 (2026-07-12T01:17:03.759858+00:00),pmcid+string_db
IL2RA,NRAS,0.908,,True,False,False,PMC9854651 (S4) vs STRING v12.0 (2026-07-12T01:17:03.759858+00:00),pmcid+string_db
IL2RA,PTPN11,0.914,,True,False,False,PMC9854651 (S4) vs STRING v12.0 (2026-07-12T01:17:03.759858+00:00),pmcid+string_db
IL2RA,PTPN22,0.728,0.733,True,True,True,PMC9854651 (S4) vs STRING v12.0 (2026-07-12T01:17:03.759858+00:00),pmcid+string_db
IL2RA,PTPRC,0.752,,True,False,False,PMC9854651 (S4) vs STRING v12.0 (2026-07-12T01:17:03.759858+00:00),pmcid+string_db
IRF3,IRF4,0.918,,True,False,False,PMC9854651 (S4) vs STRING v12.0 (2026-07-12T01:17:03.759858+00:00),pmcid+string_db
IRF3,PTPN11,0.919,,True,False,False,PMC9854651 (S4) vs STRING v12.0 (2026-07-12T01:17:03.759858+00:00),pmcid+string_db
IRF3,TICAM1,0.98,0.993,True,True,True,PMC9854651 (S4) vs STRING v12.0 (2026-07-12T01:17:03.759858+00:00),pmcid+string_db
IRF4,PTPRC,,0.707,False,True,False,PMC9854651 (S4) vs STRING v12.0 (2026-07-12T01:17:03.759858+00:00),pmcid+string_db
IRF4,SLC45A2,,0.716,False,True,False,PMC9854651 (S4) vs STRING v12.0 (2026-07-12T01:17:03.759858+00:00),pmcid+string_db
KIT,KITLG,0.999,0.999,True,True,True,PMC9854651 (S4) vs STRING v12.0 (2026-07-12T01:17:03.759858+00:00),pmcid+string_db
KIT,MC1R,0.764,0.757,True,True,True,PMC9854651 (S4) vs STRING v12.0 (2026-07-12T01:17:03.759858+00:00),pmcid+string_db
KIT,MITF,0.792,0.783,True,True,True,PMC9854651 (S4) vs STRING v12.0 (2026-07-12T01:17:03.759858+00:00),pmcid+string_db
KIT,NF1,,0.715,False,True,False,PMC9854651 (S4) vs STRING v12.0 (2026-07-12T01:17:03.759858+00:00),pmcid+string_db
KIT,NRAS,0.978,0.981,True,True,True,PMC9854651 (S4) vs STRING v12.0 (2026-07-12T01:17:03.759858+00:00),pmcid+string_db
KIT,PTEN,,0.719,False,True,False,PMC9854651 (S4) vs STRING v12.0 (2026-07-12T01:17:03.759858+00:00),pmcid+string_db
KIT,PTPN11,0.99,0.99,True,True,True,PMC9854651 (S4) vs STRING v12.0 (2026-07-12T01:17:03.759858+00:00),pmcid+string_db
KIT,PTPRC,0.883,0.906,True,True,True,PMC9854651 (S4) vs STRING v12.0 (2026-07-12T01:17:03.759858+00:00),pmcid+string_db
KIT,SH2B3,0.998,0.875,True,True,True,PMC9854651 (S4) vs STRING v12.0 (2026-07-12T01:17:03.759858+00:00),pmcid+string_db
KIT,SNAI2,0.954,0.744,True,True,True,PMC9854651 (S4) vs STRING v12.0 (2026-07-12T01:17:03.759858+00:00),pmcid+string_db
KIT,SPRED1,,0.751,False,True,False,PMC9854651 (S4) vs STRING v12.0 (2026-07-12T01:17:03.759858+00:00),pmcid+string_db
KIT,VEGFA,0.902,,True,False,False,PMC9854651 (S4) vs STRING v12.0 (2026-07-12T01:17:03.759858+00:00),pmcid+string_db
KITLG,MCM4,0.9,,True,False,False,PMC9854651 (S4) vs STRING v12.0 (2026-07-12T01:17:03.759858+00:00),pmcid+string_db
KITLG,NRAS,0.935,,True,False,False,PMC9854651 (S4) vs STRING v12.0 (2026-07-12T01:17:03.759858+00:00),pmcid+string_db
KITLG,PTPN11,0.937,,True,False,False,PMC9854651 (S4) vs STRING v12.0 (2026-07-12T01:17:03.759858+00:00),pmcid+string_db
KITLG,SH2B3,0.927,,True,False,False,PMC9854651 (S4) vs STRING v12.0 (2026-07-12T01:17:03.759858+00:00),pmcid+string_db
KITLG,SNAI2,0.93,,True,False,False,PMC9854651 (S4) vs STRING v12.0 (2026-07-12T01:17:03.759858+00:00),pmcid+string_db
KRT14,KRT5,0.994,0.999,True,True,True,PMC9854651 (S4) vs STRING v12.0 (2026-07-12T01:17:03.759858+00:00),pmcid+string_db
KRT14,TP63,,0.79,False,True,False,PMC9854651 (S4) vs STRING v12.0 (2026-07-12T01:17:03.759858+00:00),pmcid+string_db
KRT5,TP63,0.789,0.861,True,True,True,PMC9854651 (S4) vs STRING v12.0 (2026-07-12T01:17:03.759858+00:00),pmcid+string_db
LRMDA,OCA2,,0.711,False,True,False,PMC9854651 (S4) vs STRING v12.0 (2026-07-12T01:17:03.759858+00:00),pmcid+string_db
LRMDA,SLC24A5,,0.773,False,True,False,PMC9854651 (S4) vs STRING v12.0 (2026-07-12T01:17:03.759858+00:00),pmcid+string_db
LRMDA,SLC45A2,,0.704,False,True,False,PMC9854651 (S4) vs STRING v12.0 (2026-07-12T01:17:03.759858+00:00),pmcid+string_db
LYST,NID1,0.736,,True,False,False,PMC9854651 (S4) vs STRING v12.0 (2026-07-12T01:17:03.759858+00:00),pmcid+string_db
LYST,RAB27A,0.746,0.787,True,True,True,PMC9854651 (S4) vs STRING v12.0 (2026-07-12T01:17:03.759858+00:00),pmcid+string_db
MAP2K1,NF1,0.719,,True,False,False,PMC9854651 (S4) vs STRING v12.0 (2026-07-12T01:17:03.759858+00:00),pmcid+string_db
MAP2K1,NRAS,0.981,0.983,True,True,True,PMC9854651 (S4) vs STRING v12.0 (2026-07-12T01:17:03.759858+00:00),pmcid+string_db
MAP2K1,PTEN,0.86,0.792,True,True,True,PMC9854651 (S4) vs STRING v12.0 (2026-07-12T01:17:03.759858+00:00),pmcid+string_db
MAP2K1,PTPN11,0.982,0.928,True,True,True,PMC9854651 (S4) vs STRING v12.0 (2026-07-12T01:17:03.759858+00:00),pmcid+string_db
MAP2K1,RAF1,0.998,0.999,True,True,True,PMC9854651 (S4) vs STRING v12.0 (2026-07-12T01:17:03.759858+00:00),pmcid+string_db
MAP2K1,SHOC2,0.735,,True,False,False,PMC9854651 (S4) vs STRING v12.0 (2026-07-12T01:17:03.759858+00:00),pmcid+string_db
MC1R,MITF,0.862,0.847,True,True,True,PMC9854651 (S4) vs STRING v12.0 (2026-07-12T01:17:03.759858+00:00),pmcid+string_db
MC1R,MTAP,,0.822,False,True,False,PMC9854651 (S4) vs STRING v12.0 (2026-07-12T01:17:03.759858+00:00),pmcid+string_db
MC1R,OCA2,0.89,0.936,True,True,True,PMC9854651 (S4) vs STRING v12.0 (2026-07-12T01:17:03.759858+00:00),pmcid+string_db
MC1R,PLA2G6,,0.71,False,True,False,PMC9854651 (S4) vs STRING v12.0 (2026-07-12T01:17:03.759858+00:00),pmcid+string_db
MC1R,POMC,0.998,0.999,True,True,True,PMC9854651 (S4) vs STRING v12.0 (2026-07-12T01:17:03.759858+00:00),pmcid+string_db
MC1R,PTEN,0.937,,True,False,False,PMC9854651 (S4) vs STRING v12.0 (2026-07-12T01:17:03.759858+00:00),pmcid+string_db
MC1R,RALY,,0.726,False,True,False,PMC9854651 (S4) vs STRING v12.0 (2026-07-12T01:17:03.759858+00:00),pmcid+string_db
MC1R,SLC24A5,0.807,0.858,True,True,True,PMC9854651 (S4) vs STRING v12.0 (2026-07-12T01:17:03.759858+00:00),pmcid+string_db
MC1R,SLC45A2,0.8,0.909,True,True,True,PMC9854651 (S4) vs STRING v12.0 (2026-07-12T01:17:03.759858+00:00),pmcid+string_db
MC1R,TYR,0.867,0.96,True,True,True,PMC9854651 (S4) vs STRING v12.0 (2026-07-12T01:17:03.759858+00:00),pmcid+string_db
MC1R,TYRP1,0.855,0.934,True,True,True,PMC9854651 (S4) vs STRING v12.0 (2026-07-12T01:17:03.759858+00:00),pmcid+string_db
MC2R,MRAP,0.998,0.999,True,True,True,PMC9854651 (S4) vs STRING v12.0 (2026-07-12T01:17:03.759858+00:00),pmcid+string_db
MC2R,NR0B1,,0.751,False,True,False,PMC9854651 (S4) vs STRING v12.0 (2026-07-12T01:17:03.759858+00:00),pmcid+string_db
MC2R,POMC,0.998,0.999,True,True,True,PMC9854651 (S4) vs STRING v12.0 (2026-07-12T01:17:03.759858+00:00),pmcid+string_db
MC2R,STAR,0.752,0.832,True,True,True,PMC9854651 (S4) vs STRING v12.0 (2026-07-12T01:17:03.759858+00:00),pmcid+string_db
MCM4,MSH2,0.923,,True,False,False,PMC9854651 (S4) vs STRING v12.0 (2026-07-12T01:17:03.759858+00:00),pmcid+string_db
MCM4,MSH6,0.914,0.735,True,True,True,PMC9854651 (S4) vs STRING v12.0 (2026-07-12T01:17:03.759858+00:00),pmcid+string_db
MCM4,POLA1,0.998,0.978,True,True,True,PMC9854651 (S4) vs STRING v12.0 (2026-07-12T01:17:03.759858+00:00),pmcid+string_db
MCM4,RECQL4,0.81,0.81,True,True,True,PMC9854651 (S4) vs STRING v12.0 (2026-07-12T01:17:03.759858+00:00),pmcid+string_db
MEN1,PLCB3,,0.714,False,True,False,PMC9854651 (S4) vs STRING v12.0 (2026-07-12T01:17:03.759858+00:00),pmcid+string_db
MEN1,PRKAR1A,0.761,0.755,True,True,True,PMC9854651 (S4) vs STRING v12.0 (2026-07-12T01:17:03.759858+00:00),pmcid+string_db
MITF,NRAS,0.702,,True,False,False,PMC9854651 (S4) vs STRING v12.0 (2026-07-12T01:17:03.759858+00:00),pmcid+string_db
MITF,PAX3,0.772,0.881,True,True,True,PMC9854651 (S4) vs STRING v12.0 (2026-07-12T01:17:03.759858+00:00),pmcid+string_db
MITF,POMC,,0.799,False,True,False,PMC9854651 (S4) vs STRING v12.0 (2026-07-12T01:17:03.759858+00:00),pmcid+string_db
MITF,SLC45A2,0.723,,True,False,False,PMC9854651 (S4) vs STRING v12.0 (2026-07-12T01:17:03.759858+00:00),pmcid+string_db
MITF,SNAI2,,0.736,False,True,False,PMC9854651 (S4) vs STRING v12.0 (2026-07-12T01:17:03.759858+00:00),pmcid+string_db
MITF,SOX10,0.847,0.94,True,True,True,PMC9854651 (S4) vs STRING v12.0 (2026-07-12T01:17:03.759858+00:00),pmcid+string_db
MITF,TYR,0.93,0.981,True,True,True,PMC9854651 (S4) vs STRING v12.0 (2026-07-12T01:17:03.759858+00:00),pmcid+string_db
MITF,TYRP1,0.905,0.936,True,True,True,PMC9854651 (S4) vs STRING v12.0 (2026-07-12T01:17:03.759858+00:00),pmcid+string_db
MLH1,MSH2,0.999,0.999,True,True,True,PMC9854651 (S4) vs STRING v12.0 (2026-07-12T01:17:03.759858+00:00),pmcid+string_db
MLH1,MSH6,0.999,0.999,True,True,True,PMC9854651 (S4) vs STRING v12.0 (2026-07-12T01:17:03.759858+00:00),pmcid+string_db
MLH1,NBN,0.846,0.891,True,True,True,PMC9854651 (S4) vs STRING v12.0 (2026-07-12T01:17:03.759858+00:00),pmcid+string_db
MLH1,NF1,,0.764,False,True,False,PMC9854651 (S4) vs STRING v12.0 (2026-07-12T01:17:03.759858+00:00),pmcid+string_db
MLH1,PALB2,,0.892,False,True,False,PMC9854651 (S4) vs STRING v12.0 (2026-07-12T01:17:03.759858+00:00),pmcid+string_db
MLH1,PMS2,0.999,0.999,True,True,True,PMC9854651 (S4) vs STRING v12.0 (2026-07-12T01:17:03.759858+00:00),pmcid+string_db
MLH1,PTEN,0.701,0.83,True,True,True,PMC9854651 (S4) vs STRING v12.0 (2026-07-12T01:17:03.759858+00:00),pmcid+string_db
MLH1,RECQL4,0.793,0.813,True,True,True,PMC9854651 (S4) vs STRING v12.0 (2026-07-12T01:17:03.759858+00:00),pmcid+string_db
MLH1,STK11,,0.73,False,True,False,PMC9854651 (S4) vs STRING v12.0 (2026-07-12T01:17:03.759858+00:00),pmcid+string_db
MLH1,WRN,0.885,0.835,True,True,True,PMC9854651 (S4) vs STRING v12.0 (2026-07-12T01:17:03.759858+00:00),pmcid+string_db
MLH1,XPA,0.905,0.838,True,True,True,PMC9854651 (S4) vs STRING v12.0 (2026-07-12T01:17:03.759858+00:00),pmcid+string_db
MLH1,XPC,0.703,,True,False,False,PMC9854651 (S4) vs STRING v12.0 (2026-07-12T01:17:03.759858+00:00),pmcid+string_db
MLPH,MYO5A,0.998,0.999,True,True,True,PMC9854651 (S4) vs STRING v12.0 (2026-07-12T01:17:03.759858+00:00),pmcid+string_db
MLPH,RAB27A,0.999,0.999,True,True,True,PMC9854651 (S4) vs STRING v12.0 (2026-07-12T01:17:03.759858+00:00),pmcid+string_db
MRAP,POMC,0.946,0.998,True,True,True,PMC9854651 (S4) vs STRING v12.0 (2026-07-12T01:17:03.759858+00:00),pmcid+string_db
MSH2,MSH6,0.999,0.999,True,True,True,PMC9854651 (S4) vs STRING v12.0 (2026-07-12T01:17:03.759858+00:00),pmcid+string_db
MSH2,NBN,0.766,0.824,True,True,True,PMC9854651 (S4) vs STRING v12.0 (2026-07-12T01:17:03.759858+00:00),pmcid+string_db
MSH2,NF1,,0.726,False,True,False,PMC9854651 (S4) vs STRING v12.0 (2026-07-12T01:17:03.759858+00:00),pmcid+string_db
MSH2,PALB2,0.727,0.898,True,True,True,PMC9854651 (S4) vs STRING v12.0 (2026-07-12T01:17:03.759858+00:00),pmcid+string_db
MSH2,PMS2,0.999,0.999,True,True,True,PMC9854651 (S4) vs STRING v12.0 (2026-07-12T01:17:03.759858+00:00),pmcid+string_db
MSH2,POLA1,0.933,,True,False,False,PMC9854651 (S4) vs STRING v12.0 (2026-07-12T01:17:03.759858+00:00),pmcid+string_db
MSH2,PTEN,,0.778,False,True,False,PMC9854651 (S4) vs STRING v12.0 (2026-07-12T01:17:03.759858+00:00),pmcid+string_db
MSH2,RECQL4,0.796,0.781,True,True,True,PMC9854651 (S4) vs STRING v12.0 (2026-07-12T01:17:03.759858+00:00),pmcid+string_db
MSH2,WRN,0.855,0.829,True,True,True,PMC9854651 (S4) vs STRING v12.0 (2026-07-12T01:17:03.759858+00:00),pmcid+string_db
MSH2,XPA,0.945,0.908,True,True,True,PMC9854651 (S4) vs STRING v12.0 (2026-07-12T01:17:03.759858+00:00),pmcid+string_db
MSH2,XPC,0.943,0.944,True,True,True,PMC9854651 (S4) vs STRING v12.0 (2026-07-12T01:17:03.759858+00:00),pmcid+string_db
MSH6,NBN,0.785,0.907,True,True,True,PMC9854651 (S4) vs STRING v12.0 (2026-07-12T01:17:03.759858+00:00),pmcid+string_db
MSH6,NF1,,0.756,False,True,False,PMC9854651 (S4) vs STRING v12.0 (2026-07-12T01:17:03.759858+00:00),pmcid+string_db
MSH6,PALB2,0.726,0.894,True,True,True,PMC9854651 (S4) vs STRING v12.0 (2026-07-12T01:17:03.759858+00:00),pmcid+string_db
MSH6,PMS2,0.999,0.999,True,True,True,PMC9854651 (S4) vs STRING v12.0 (2026-07-12T01:17:03.759858+00:00),pmcid+string_db
MSH6,POLA1,0.952,0.882,True,True,True,PMC9854651 (S4) vs STRING v12.0 (2026-07-12T01:17:03.759858+00:00),pmcid+string_db
MSH6,POLH,0.835,,True,False,False,PMC9854651 (S4) vs STRING v12.0 (2026-07-12T01:17:03.759858+00:00),pmcid+string_db
MSH6,PTEN,,0.742,False,True,False,PMC9854651 (S4) vs STRING v12.0 (2026-07-12T01:17:03.759858+00:00),pmcid+string_db
MSH6,RECQL4,0.888,0.85,True,True,True,PMC9854651 (S4) vs STRING v12.0 (2026-07-12T01:17:03.759858+00:00),pmcid+string_db
MSH6,STK11,,0.71,False,True,False,PMC9854651 (S4) vs STRING v12.0 (2026-07-12T01:17:03.759858+00:00),pmcid+string_db
MSH6,WRN,0.882,0.875,True,True,True,PMC9854651 (S4) vs STRING v12.0 (2026-07-12T01:17:03.759858+00:00),pmcid+string_db
MSH6,XPA,0.906,0.856,True,True,True,PMC9854651 (S4) vs STRING v12.0 (2026-07-12T01:17:03.759858+00:00),pmcid+string_db
MSH6,XPC,0.954,0.933,True,True,True,PMC9854651 (S4) vs STRING v12.0 (2026-07-12T01:17:03.759858+00:00),pmcid+string_db
MTAP,PLA2G6,,0.771,False,True,False,PMC9854651 (S4) vs STRING v12.0 (2026-07-12T01:17:03.759858+00:00),pmcid+string_db
MTAP,STAT4,0.9,0.758,True,True,True,PMC9854651 (S4) vs STRING v12.0 (2026-07-12T01:17:03.759858+00:00),pmcid+string_db
MTAP,TYR,,0.719,False,True,False,PMC9854651 (S4) vs STRING v12.0 (2026-07-12T01:17:03.759858+00:00),pmcid+string_db
MYH8,PRKAR1A,0.735,0.807,True,True,True,PMC9854651 (S4) vs STRING v12.0 (2026-07-12T01:17:03.759858+00:00),pmcid+string_db
MYO5A,RAB27A,0.999,0.999,True,True,True,PMC9854651 (S4) vs STRING v12.0 (2026-07-12T01:17:03.759858+00:00),pmcid+string_db
NBN,PALB2,0.82,0.801,True,True,True,PMC9854651 (S4) vs STRING v12.0 (2026-07-12T01:17:03.759858+00:00),pmcid+string_db
NBN,POLH,0.925,,True,False,False,PMC9854651 (S4) vs STRING v12.0 (2026-07-12T01:17:03.759858+00:00),pmcid+string_db
NBN,RTEL1,0.917,,True,False,False,PMC9854651 (S4) vs STRING v12.0 (2026-07-12T01:17:03.759858+00:00),pmcid+string_db
NBN,WRN,0.924,0.927,True,True,True,PMC9854651 (S4) vs STRING v12.0 (2026-07-12T01:17:03.759858+00:00),pmcid+string_db
NF1,NFIX,0.722,,True,False,False,PMC9854651 (S4) vs STRING v12.0 (2026-07-12T01:17:03.759858+00:00),pmcid+string_db
NF1,NRAS,0.994,0.994,True,True,True,PMC9854651 (S4) vs STRING v12.0 (2026-07-12T01:17:03.759858+00:00),pmcid+string_db
NF1,PMS2,,0.745,False,True,False,PMC9854651 (S4) vs STRING v12.0 (2026-07-12T01:17:03.759858+00:00),pmcid+string_db
NF1,PTEN,0.875,0.874,True,True,True,PMC9854651 (S4) vs STRING v12.0 (2026-07-12T01:17:03.759858+00:00),pmcid+string_db
NF1,PTPN11,0.722,0.852,True,True,True,PMC9854651 (S4) vs STRING v12.0 (2026-07-12T01:17:03.759858+00:00),pmcid+string_db
NF1,RAF1,0.715,0.812,True,True,True,PMC9854651 (S4) vs STRING v12.0 (2026-07-12T01:17:03.759858+00:00),pmcid+string_db
NF1,SPRED1,0.997,0.992,True,True,True,PMC9854651 (S4) vs STRING v12.0 (2026-07-12T01:17:03.759858+00:00),pmcid+string_db
NF1,STK11,,0.728,False,True,False,PMC9854651 (S4) vs STRING v12.0 (2026-07-12T01:17:03.759858+00:00),pmcid+string_db
NF1,TSC2,0.719,0.709,True,True,True,PMC9854651 (S4) vs STRING v12.0 (2026-07-12T01:17:03.759858+00:00),pmcid+string_db
NHP2,NOP10,0.999,0.999,True,True,True,PMC9854651 (S4) vs STRING v12.0 (2026-07-12T01:17:03.759858+00:00),pmcid+string_db
NHP2,PARN,0.728,0.723,True,True,True,PMC9854651 (S4) vs STRING v12.0 (2026-07-12T01:17:03.759858+00:00),pmcid+string_db
NHP2,RTEL1,0.913,0.896,True,True,True,PMC9854651 (S4) vs STRING v12.0 (2026-07-12T01:17:03.759858+00:00),pmcid+string_db
NHP2,TERT,0.99,0.999,True,True,True,PMC9854651 (S4) vs STRING v12.0 (2026-07-12T01:17:03.759858+00:00),pmcid+string_db
NHP2,TINF2,0.941,0.946,True,True,True,PMC9854651 (S4) vs STRING v12.0 (2026-07-12T01:17:03.759858+00:00),pmcid+string_db
NHP2,WRAP53,0.989,0.999,True,True,True,PMC9854651 (S4) vs STRING v12.0 (2026-07-12T01:17:03.759858+00:00),pmcid+string_db
NOP10,PARN,0.722,0.719,True,True,True,PMC9854651 (S4) vs STRING v12.0 (2026-07-12T01:17:03.759858+00:00),pmcid+string_db
NOP10,RTEL1,0.909,0.867,True,True,True,PMC9854651 (S4) vs STRING v12.0 (2026-07-12T01:17:03.759858+00:00),pmcid+string_db
NOP10,TERT,0.99,0.999,True,True,True,PMC9854651 (S4) vs STRING v12.0 (2026-07-12T01:17:03.759858+00:00),pmcid+string_db
NOP10,TINF2,0.948,0.951,True,True,True,PMC9854651 (S4) vs STRING v12.0 (2026-07-12T01:17:03.759858+00:00),pmcid+string_db
NOP10,WRAP53,0.987,0.999,True,True,True,PMC9854651 (S4) vs STRING v12.0 (2026-07-12T01:17:03.759858+00:00),pmcid+string_db
NR0B1,STAR,0.742,0.882,True,True,True,PMC9854651 (S4) vs STRING v12.0 (2026-07-12T01:17:03.759858+00:00),pmcid+string_db
NRAS,PTEN,0.841,0.872,True,True,True,PMC9854651 (S4) vs STRING v12.0 (2026-07-12T01:17:03.759858+00:00),pmcid+string_db
NRAS,PTPN11,0.99,0.952,True,True,True,PMC9854651 (S4) vs STRING v12.0 (2026-07-12T01:17:03.759858+00:00),pmcid+string_db
NRAS,RAF1,0.999,0.999,True,True,True,PMC9854651 (S4) vs STRING v12.0 (2026-07-12T01:17:03.759858+00:00),pmcid+string_db
NRAS,SHOC2,0.98,0.987,True,True,True,PMC9854651 (S4) vs STRING v12.0 (2026-07-12T01:17:03.759858+00:00),pmcid+string_db
NRAS,SPRED1,0.82,0.87,True,True,True,PMC9854651 (S4) vs STRING v12.0 (2026-07-12T01:17:03.759858+00:00),pmcid+string_db
OCA2,SLC24A5,0.953,0.952,True,True,True,PMC9854651 (S4) vs STRING v12.0 (2026-07-12T01:17:03.759858+00:00),pmcid+string_db
OCA2,SLC45A2,0.955,0.977,True,True,True,PMC9854651 (S4) vs STRING v12.0 (2026-07-12T01:17:03.759858+00:00),pmcid+string_db
OCA2,TPCN2,,0.786,False,True,False,PMC9854651 (S4) vs STRING v12.0 (2026-07-12T01:17:03.759858+00:00),pmcid+string_db
OCA2,TYR,0.959,0.989,True,True,True,PMC9854651 (S4) vs STRING v12.0 (2026-07-12T01:17:03.759858+00:00),pmcid+string_db
OCA2,TYRP1,0.887,0.972,True,True,True,PMC9854651 (S4) vs STRING v12.0 (2026-07-12T01:17:03.759858+00:00),pmcid+string_db
PAH,TYR,0.905,0.938,True,True,True,PMC9854651 (S4) vs STRING v12.0 (2026-07-12T01:17:03.759858+00:00),pmcid+string_db
PALB2,PMS2,0.739,0.947,True,True,True,PMC9854651 (S4) vs STRING v12.0 (2026-07-12T01:17:03.759858+00:00),pmcid+string_db
PALB2,POLH,0.949,,True,False,False,PMC9854651 (S4) vs STRING v12.0 (2026-07-12T01:17:03.759858+00:00),pmcid+string_db
PALB2,PTEN,,0.727,False,True,False,PMC9854651 (S4) vs STRING v12.0 (2026-07-12T01:17:03.759858+00:00),pmcid+string_db
PALB2,RTEL1,0.939,,True,False,False,PMC9854651 (S4) vs STRING v12.0 (2026-07-12T01:17:03.759858+00:00),pmcid+string_db
PALB2,STK11,0.72,0.843,True,True,True,PMC9854651 (S4) vs STRING v12.0 (2026-07-12T01:17:03.759858+00:00),pmcid+string_db
PALB2,WRN,0.813,0.781,True,True,True,PMC9854651 (S4) vs STRING v12.0 (2026-07-12T01:17:03.759858+00:00),pmcid+string_db
PALB2,XPA,,0.7,False,True,False,PMC9854651 (S4) vs STRING v12.0 (2026-07-12T01:17:03.759858+00:00),pmcid+string_db
PARN,RTEL1,0.745,0.805,True,True,True,PMC9854651 (S4) vs STRING v12.0 (2026-07-12T01:17:03.759858+00:00),pmcid+string_db
PARN,TINF2,,0.723,False,True,False,PMC9854651 (S4) vs STRING v12.0 (2026-07-12T01:17:03.759858+00:00),pmcid+string_db
PARN,WRAP53,,0.712,False,True,False,PMC9854651 (S4) vs STRING v12.0 (2026-07-12T01:17:03.759858+00:00),pmcid+string_db
PAX3,SNAI2,0.723,0.784,True,True,True,PMC9854651 (S4) vs STRING v12.0 (2026-07-12T01:17:03.759858+00:00),pmcid+string_db
PAX3,SOX10,0.996,0.997,True,True,True,PMC9854651 (S4) vs STRING v12.0 (2026-07-12T01:17:03.759858+00:00),pmcid+string_db
PAX3,TYR,,0.844,False,True,False,PMC9854651 (S4) vs STRING v12.0 (2026-07-12T01:17:03.759858+00:00),pmcid+string_db
PAX3,TYRP1,,0.707,False,True,False,PMC9854651 (S4) vs STRING v12.0 (2026-07-12T01:17:03.759858+00:00),pmcid+string_db
PCNT,RPGRIP1L,,0.76,False,True,False,PMC9854651 (S4) vs STRING v12.0 (2026-07-12T01:17:03.759858+00:00),pmcid+string_db
PLCB3,PTEN,,0.909,False,True,False,PMC9854651 (S4) vs STRING v12.0 (2026-07-12T01:17:03.759858+00:00),pmcid+string_db
PMS2,STK11,,0.712,False,True,False,PMC9854651 (S4) vs STRING v12.0 (2026-07-12T01:17:03.759858+00:00),pmcid+string_db
PMS2,WRN,,0.769,False,True,False,PMC9854651 (S4) vs STRING v12.0 (2026-07-12T01:17:03.759858+00:00),pmcid+string_db
PMS2,XPA,0.904,0.897,True,True,True,PMC9854651 (S4) vs STRING v12.0 (2026-07-12T01:17:03.759858+00:00),pmcid+string_db
POFUT1,POGLUT1,0.905,0.886,True,True,True,PMC9854651 (S4) vs STRING v12.0 (2026-07-12T01:17:03.759858+00:00),pmcid+string_db
POLA1,POLH,0.702,,True,False,False,PMC9854651 (S4) vs STRING v12.0 (2026-07-12T01:17:03.759858+00:00),pmcid+string_db
POLA1,RECQL4,,0.73,False,True,False,PMC9854651 (S4) vs STRING v12.0 (2026-07-12T01:17:03.759858+00:00),pmcid+string_db
POLA1,TERT,0.866,,True,False,False,PMC9854651 (S4) vs STRING v12.0 (2026-07-12T01:17:03.759858+00:00),pmcid+string_db
POLA1,WRN,0.799,,True,False,False,PMC9854651 (S4) vs STRING v12.0 (2026-07-12T01:17:03.759858+00:00),pmcid+string_db
POLH,WRN,0.948,,True,False,False,PMC9854651 (S4) vs STRING v12.0 (2026-07-12T01:17:03.759858+00:00),pmcid+string_db
POLH,XPA,0.848,,True,False,False,PMC9854651 (S4) vs STRING v12.0 (2026-07-12T01:17:03.759858+00:00),pmcid+string_db
POMC,PRKAR1A,,0.73,False,True,False,PMC9854651 (S4) vs STRING v12.0 (2026-07-12T01:17:03.759858+00:00),pmcid+string_db
POMC,STAR,,0.77,False,True,False,PMC9854651 (S4) vs STRING v12.0 (2026-07-12T01:17:03.759858+00:00),pmcid+string_db
POMC,TG,,0.7,False,True,False,PMC9854651 (S4) vs STRING v12.0 (2026-07-12T01:17:03.759858+00:00),pmcid+string_db
POMC,TYR,,0.777,False,True,False,PMC9854651 (S4) vs STRING v12.0 (2026-07-12T01:17:03.759858+00:00),pmcid+string_db
POMC,TYRP1,,0.729,False,True,False,PMC9854651 (S4) vs STRING v12.0 (2026-07-12T01:17:03.759858+00:00),pmcid+string_db
POMC,VEGFA,0.939,,True,False,False,PMC9854651 (S4) vs STRING v12.0 (2026-07-12T01:17:03.759858+00:00),pmcid+string_db
PPP3CA,SHOC2,0.918,,True,False,False,PMC9854651 (S4) vs STRING v12.0 (2026-07-12T01:17:03.759858+00:00),pmcid+string_db
PTEN,PTPN11,,0.745,False,True,False,PMC9854651 (S4) vs STRING v12.0 (2026-07-12T01:17:03.759858+00:00),pmcid+string_db
PTEN,RAF1,0.72,,True,False,False,PMC9854651 (S4) vs STRING v12.0 (2026-07-12T01:17:03.759858+00:00),pmcid+string_db
PTEN,STK11,0.948,0.979,True,True,True,PMC9854651 (S4) vs STRING v12.0 (2026-07-12T01:17:03.759858+00:00),pmcid+string_db
PTEN,TERT,0.7,0.822,True,True,True,PMC9854651 (S4) vs STRING v12.0 (2026-07-12T01:17:03.759858+00:00),pmcid+string_db
PTEN,TSC1,0.864,0.801,True,True,True,PMC9854651 (S4) vs STRING v12.0 (2026-07-12T01:17:03.759858+00:00),pmcid+string_db
PTEN,TSC2,0.909,0.889,True,True,True,PMC9854651 (S4) vs STRING v12.0 (2026-07-12T01:17:03.759858+00:00),pmcid+string_db
PTEN,VEGFA,0.715,,True,False,False,PMC9854651 (S4) vs STRING v12.0 (2026-07-12T01:17:03.759858+00:00),pmcid+string_db
PTPN1,PTPN11,0.863,0.927,True,True,True,PMC9854651 (S4) vs STRING v12.0 (2026-07-12T01:17:03.759858+00:00),pmcid+string_db
PTPN11,RAF1,0.744,0.728,True,True,True,PMC9854651 (S4) vs STRING v12.0 (2026-07-12T01:17:03.759858+00:00),pmcid+string_db
PTPN11,SHOC2,0.841,0.768,True,True,True,PMC9854651 (S4) vs STRING v12.0 (2026-07-12T01:17:03.759858+00:00),pmcid+string_db
PTPN11,TICAM1,0.907,,True,False,False,PMC9854651 (S4) vs STRING v12.0 (2026-07-12T01:17:03.759858+00:00),pmcid+string_db
PTPN11,VEGFA,0.951,,True,False,False,PMC9854651 (S4) vs STRING v12.0 (2026-07-12T01:17:03.759858+00:00),pmcid+string_db
PTPN22,STAT4,0.771,0.84,True,True,True,PMC9854651 (S4) vs STRING v12.0 (2026-07-12T01:17:03.759858+00:00),pmcid+string_db
RAB27A,TYR,0.724,0.728,True,True,True,PMC9854651 (S4) vs STRING v12.0 (2026-07-12T01:17:03.759858+00:00),pmcid+string_db
RAF1,SHOC2,0.996,0.983,True,True,True,PMC9854651 (S4) vs STRING v12.0 (2026-07-12T01:17:03.759858+00:00),pmcid+string_db
RAF1,SPRED1,,0.715,False,True,False,PMC9854651 (S4) vs STRING v12.0 (2026-07-12T01:17:03.759858+00:00),pmcid+string_db
RECQL4,RTEL1,0.707,0.73,True,True,True,PMC9854651 (S4) vs STRING v12.0 (2026-07-12T01:17:03.759858+00:00),pmcid+string_db
RECQL4,XPA,0.937,0.918,True,True,True,PMC9854651 (S4) vs STRING v12.0 (2026-07-12T01:17:03.759858+00:00),pmcid+string_db
RTEL1,TERT,0.933,0.918,True,True,True,PMC9854651 (S4) vs STRING v12.0 (2026-07-12T01:17:03.759858+00:00),pmcid+string_db
RTEL1,TINF2,0.91,0.939,True,True,True,PMC9854651 (S4) vs STRING v12.0 (2026-07-12T01:17:03.759858+00:00),pmcid+string_db
RTEL1,WRAP53,0.894,0.908,True,True,True,PMC9854651 (S4) vs STRING v12.0 (2026-07-12T01:17:03.759858+00:00),pmcid+string_db
RTEL1,WRN,0.981,0.855,True,True,True,PMC9854651 (S4) vs STRING v12.0 (2026-07-12T01:17:03.759858+00:00),pmcid+string_db
SLC24A5,SLC45A2,0.957,0.985,True,True,True,PMC9854651 (S4) vs STRING v12.0 (2026-07-12T01:17:03.759858+00:00),pmcid+string_db
SLC24A5,TPCN2,0.763,0.903,True,True,True,PMC9854651 (S4) vs STRING v12.0 (2026-07-12T01:17:03.759858+00:00),pmcid+string_db
SLC24A5,TYR,0.916,0.907,True,True,True,PMC9854651 (S4) vs STRING v12.0 (2026-07-12T01:17:03.759858+00:00),pmcid+string_db
SLC24A5,TYRP1,0.847,0.899,True,True,True,PMC9854651 (S4) vs STRING v12.0 (2026-07-12T01:17:03.759858+00:00),pmcid+string_db
SLC45A2,TPCN2,,0.799,False,True,False,PMC9854651 (S4) vs STRING v12.0 (2026-07-12T01:17:03.759858+00:00),pmcid+string_db
SLC45A2,TYR,0.917,0.97,True,True,True,PMC9854651 (S4) vs STRING v12.0 (2026-07-12T01:17:03.759858+00:00),pmcid+string_db
SLC45A2,TYRP1,0.929,0.959,True,True,True,PMC9854651 (S4) vs STRING v12.0 (2026-07-12T01:17:03.759858+00:00),pmcid+string_db
SMARCAL1,WRN,0.939,0.877,True,True,True,PMC9854651 (S4) vs STRING v12.0 (2026-07-12T01:17:03.759858+00:00),pmcid+string_db
SNAI2,SOX10,0.857,0.847,True,True,True,PMC9854651 (S4) vs STRING v12.0 (2026-07-12T01:17:03.759858+00:00),pmcid+string_db
SOX10,TYR,0.743,0.884,True,True,True,PMC9854651 (S4) vs STRING v12.0 (2026-07-12T01:17:03.759858+00:00),pmcid+string_db
SOX10,TYRP1,0.704,0.764,True,True,True,PMC9854651 (S4) vs STRING v12.0 (2026-07-12T01:17:03.759858+00:00),pmcid+string_db
STK11,TSC2,0.867,0.857,True,True,True,PMC9854651 (S4) vs STRING v12.0 (2026-07-12T01:17:03.759858+00:00),pmcid+string_db
TERT,TINF2,0.918,0.966,True,True,True,PMC9854651 (S4) vs STRING v12.0 (2026-07-12T01:17:03.759858+00:00),pmcid+string_db
TERT,WRAP53,0.996,0.999,True,True,True,PMC9854651 (S4) vs STRING v12.0 (2026-07-12T01:17:03.759858+00:00),pmcid+string_db
TERT,WRN,0.709,0.732,True,True,True,PMC9854651 (S4) vs STRING v12.0 (2026-07-12T01:17:03.759858+00:00),pmcid+string_db
TINF2,WRAP53,0.921,0.9,True,True,True,PMC9854651 (S4) vs STRING v12.0 (2026-07-12T01:17:03.759858+00:00),pmcid+string_db
TINF2,WRN,0.978,0.923,True,True,True,PMC9854651 (S4) vs STRING v12.0 (2026-07-12T01:17:03.759858+00:00),pmcid+string_db
TNFRSF11A,TNFSF11,0.999,0.999,True,True,True,PMC9854651 (S4) vs STRING v12.0 (2026-07-12T01:17:03.759858+00:00),pmcid+string_db
TNFSF11,VEGFA,0.728,,True,False,False,PMC9854651 (S4) vs STRING v12.0 (2026-07-12T01:17:03.759858+00:00),pmcid+string_db
TSC1,TSC2,0.999,0.999,True,True,True,PMC9854651 (S4) vs STRING v12.0 (2026-07-12T01:17:03.759858+00:00),pmcid+string_db
TYR,TYRP1,0.897,0.896,True,True,True,PMC9854651 (S4) vs STRING v12.0 (2026-07-12T01:17:03.759858+00:00),pmcid+string_db
UVSSA,XPA,0.915,0.767,True,True,True,PMC9854651 (S4) vs STRING v12.0 (2026-07-12T01:17:03.759858+00:00),pmcid+string_db
WRN,XPA,0.713,0.756,True,True,True,PMC9854651 (S4) vs STRING v12.0 (2026-07-12T01:17:03.759858+00:00),pmcid+string_db
XPA,XPC,0.976,0.981,True,True,True,PMC9854651 (S4) vs STRING v12.0 (2026-07-12T01:17:03.759858+00:00),pmcid+string_db
