record_class,gene,variant_protein,variant_cdna,genomic_coord_build,rsid,genotype_or_zygosity,phenotype,model,sample_n,effect_or_association,population,source_location,extraction_method,extraction_status
causal_variant_identity,TYRP1,p.Arg93Cys (R93C); ancestral Arg93 -> derived Cys93; exon 2; EGF-like repeat near N-terminus,not_reported (paper gives protein + genomic only; no c. notation),"chr9:12,694,273 (GRCh37/hg19); reported as T->C transition",not_reported / absent from dbSNP & 1000 Genomes at publication,"recessive; TT=93C/93C (blond); CT=heterozygous (dark); CC=93R/93R (dark). Resequencing (8 TYRP1 exons, 12 blond+12 dark): all 12 blond = TT; dark = CT (N=5) or CC (N=7)",Blond hair (recessive); PolyPhen2 'probably damaging' post.prob 0.999; predicted to reduce catalytic activity,,,Largest reported genetic effect on a visible human phenotype; ~46% of hair-color variance,"Solomon Islanders (Melanesia, Oceania)","Main text p1 (abstract), p2-3; Fig 3A",parsed_text,extracted
gwa_tag_snp,"TYRP1 region / 9p23 (tag SNP; nearest-gene/tag assignment, not causal)",n/a (non-coding tag SNP),,9p23 (GRCh37/hg19 context); exact coordinate not reported for this SNP,rs13289810,allele frequency 0.93 (blond) vs 0.31 (dark),"Blond hair (case-control GWA, 43 blond vs 42 dark)",case-control GWA (EMMAX mixed model),"85 (43 blond, 42 dark)",OR=29.5 ± 0.485 SE; P=1.11x10-19 (top of 151 SNPs at 9p23),"Solomon Islanders (Melanesia, Oceania)",Main text p2; Fig 2A/2B,parsed_text,extracted
assoc_discovery_direct,TYRP1,R93C,,"chr9:12,694,273 (GRCh37/hg19)",not_reported,R93C genotyped directly in discovery GWA panel,Blond hair (case-control),GWA including R93C,85 (discovery) / 921 (full genotyped),"P=9.60x10-23 (lowest of all 589,242 tested SNPs; stronger than top GWA SNP)","Solomon Islanders (Melanesia, Oceania)",Main text p2; Methods 1.4/1.8,parsed_text,extracted
assoc_conditional,TYRP1,R93C,,"chr9:12,694,273 (GRCh37/hg19)",not_reported,conditional analysis (R93C conditioned on rs13289810),Blond hair,GWA conditioned on rs13289810,,Residual R93C signal P=3.11x10-7 (borderline genome-wide) after conditioning on rs13289810; conversely conditioning on R93C abolished all locus signal,"Solomon Islanders (Melanesia, Oceania)",Main text p2; Fig S4A/S4B,parsed_text,extracted
hair_regression,TYRP1,R93C,,"chr9:12,694,273 (GRCh37/hg19)",not_reported,Codominant genotype model (93C dose),Hair pigmentation (normalized melanin index; blond=low),Codominant: Genotype,921,"beta=-0.713 ± 0.04 (norm SD units, per model); R2=0.261; P=2.52 x 10-62","Solomon Islanders (Melanesia, Oceania)",Table S2 (supplement docx),supplement_docx,extracted
hair_regression,TYRP1,R93C,,"chr9:12,694,273 (GRCh37/hg19)",not_reported,Codominant genotype model (93C dose),Hair pigmentation (normalized melanin index; blond=low),Codominant: Genotype+Sex+Age,918,"beta=-0.73 ± 0.035 (norm SD units, per model); R2=0.435; P=7.67 x 10-80","Solomon Islanders (Melanesia, Oceania)",Table S2 (supplement docx),supplement_docx,extracted
hair_regression,TYRP1,R93C,,"chr9:12,694,273 (GRCh37/hg19)",not_reported,Codominant genotype model (93C dose),Hair pigmentation (normalized melanin index; blond=low),Codominant: Genotype+Sex+Age+Geography,914,"beta=-0.737 ± 0.037 (norm SD units, per model); R2=0.448; P=1.89 x 10-73","Solomon Islanders (Melanesia, Oceania)",Table S2 (supplement docx),supplement_docx,extracted
hair_regression,TYRP1,R93C,,"chr9:12,694,273 (GRCh37/hg19)",not_reported,Dominant genotype model (93C dose),Hair pigmentation (normalized melanin index; blond=low),Dominant: Genotype,921,"beta=-0.681 ± 0.063 (norm SD units, per model); R2=0.115; P=4.11 x 10-26","Solomon Islanders (Melanesia, Oceania)",Table S2 (supplement docx),supplement_docx,extracted
hair_regression,TYRP1,R93C,,"chr9:12,694,273 (GRCh37/hg19)",not_reported,Dominant genotype model (93C dose),Hair pigmentation (normalized melanin index; blond=low),Dominant: Genotype+Sex+Age,918,"beta=-0.71 ± 0.056 (norm SD units, per model); R2=0.288; P=1.21 x 10-33","Solomon Islanders (Melanesia, Oceania)",Table S2 (supplement docx),supplement_docx,extracted
hair_regression,TYRP1,R93C,,"chr9:12,694,273 (GRCh37/hg19)",not_reported,Dominant genotype model (93C dose),Hair pigmentation (normalized melanin index; blond=low),Dominant: Genotype+Sex+Age+Geography,914,"beta=-0.672 ± 0.06 (norm SD units, per model); R2=0.303; P=1.14 x 10-27","Solomon Islanders (Melanesia, Oceania)",Table S2 (supplement docx),supplement_docx,extracted
hair_regression,TYRP1,R93C,,"chr9:12,694,273 (GRCh37/hg19)",not_reported,Recessive genotype model (93C dose),Hair pigmentation (normalized melanin index; blond=low),Recessive: Genotype,921,"beta=-1.514 ± 0.076 (norm SD units, per model); R2=0.299; P=4.81 x 10-73","Solomon Islanders (Melanesia, Oceania)",Table S2 (supplement docx),supplement_docx,extracted
hair_regression,TYRP1,R93C,,"chr9:12,694,273 (GRCh37/hg19)",not_reported,Recessive genotype model (93C dose),Hair pigmentation (normalized melanin index; blond=low),Recessive: Genotype+Sex+Age,918,"beta=-1.524 ± 0.067 (norm SD units, per model); R2=0.464; P=2.19 x 10-90","Solomon Islanders (Melanesia, Oceania)",Table S2 (supplement docx),supplement_docx,extracted
hair_regression,TYRP1,R93C,,"chr9:12,694,273 (GRCh37/hg19)",not_reported,Recessive genotype model (93C dose),Hair pigmentation (normalized melanin index; blond=low),Recessive: Genotype+Sex+Age+Geography,914,"beta=-1.489 ± 0.069 (norm SD units, per model); R2=0.478; P=1.86 x 10-84","Solomon Islanders (Melanesia, Oceania)",Table S2 (supplement docx),supplement_docx,extracted
skin_regression,TYRP1,R93C,,"chr9:12,694,273 (GRCh37/hg19)",not_reported,Codominant genotype model (93C dose),Skin pigmentation (normalized melanin index),Codominant: Genotype,921,beta=-0.245 ± 0.045 (norm SD units); R2=0.031; P=8.37 x 10-08. NOTE: skin heavily confounded by geography (best codominant model additive ~5.3% variance),"Solomon Islanders (Melanesia, Oceania)",Table S3 (supplement docx),supplement_docx,extracted
skin_regression,TYRP1,R93C,,"chr9:12,694,273 (GRCh37/hg19)",not_reported,Codominant genotype model (93C dose),Skin pigmentation (normalized melanin index),Codominant: Genotype+Sex+Age,918,beta=-0.249 ± 0.045 (norm SD units); R2=0.053; P=4.56 x 10-08. NOTE: skin heavily confounded by geography (best codominant model additive ~5.3% variance),"Solomon Islanders (Melanesia, Oceania)",Table S3 (supplement docx),supplement_docx,extracted
skin_regression,TYRP1,R93C,,"chr9:12,694,273 (GRCh37/hg19)",not_reported,Codominant genotype model (93C dose),Skin pigmentation (normalized melanin index),Codominant: Genotype+Sex+Age+Geography,914,beta=-0.202 ± 0.039 (norm SD units); R2=0.381; P=3.43 x 10-07. NOTE: skin heavily confounded by geography (best codominant model additive ~5.3% variance),"Solomon Islanders (Melanesia, Oceania)",Table S3 (supplement docx),supplement_docx,extracted
skin_regression,TYRP1,R93C,,"chr9:12,694,273 (GRCh37/hg19)",not_reported,Dominant genotype model (93C dose),Skin pigmentation (normalized melanin index),Dominant: Genotype,921,beta=-0.331 ± 0.066 (norm SD units); R2=0.027; P=5.14 x 10-07. NOTE: skin heavily confounded by geography (best codominant model additive ~5.3% variance),"Solomon Islanders (Melanesia, Oceania)",Table S3 (supplement docx),supplement_docx,extracted
skin_regression,TYRP1,R93C,,"chr9:12,694,273 (GRCh37/hg19)",not_reported,Dominant genotype model (93C dose),Skin pigmentation (normalized melanin index),Dominant: Genotype+Sex+Age,918,beta=-0.338 ± 0.065 (norm SD units); R2=0.05; P=2.60 x 10-07. NOTE: skin heavily confounded by geography (best codominant model additive ~5.3% variance),"Solomon Islanders (Melanesia, Oceania)",Table S3 (supplement docx),supplement_docx,extracted
skin_regression,TYRP1,R93C,,"chr9:12,694,273 (GRCh37/hg19)",not_reported,Dominant genotype model (93C dose),Skin pigmentation (normalized melanin index),Dominant: Genotype+Sex+Age+Geography,914,beta=-0.278 ± 0.056 (norm SD units); R2=0.379; P=9.60 x 10-07. NOTE: skin heavily confounded by geography (best codominant model additive ~5.3% variance),"Solomon Islanders (Melanesia, Oceania)",Table S3 (supplement docx),supplement_docx,extracted
skin_regression,TYRP1,R93C,,"chr9:12,694,273 (GRCh37/hg19)",not_reported,Recessive genotype model (93C dose),Skin pigmentation (normalized melanin index),Recessive: Genotype,921,beta=-0.337 ± 0.091 (norm SD units); R2=0.015; P=2.16 x 10-04. NOTE: skin heavily confounded by geography (best codominant model additive ~5.3% variance),"Solomon Islanders (Melanesia, Oceania)",Table S3 (supplement docx),supplement_docx,extracted
skin_regression,TYRP1,R93C,,"chr9:12,694,273 (GRCh37/hg19)",not_reported,Recessive genotype model (93C dose),Skin pigmentation (normalized melanin index),Recessive: Genotype+Sex+Age,918,beta=-0.337 ± 0.09 (norm SD units); R2=0.036; P=1.97 x 10-04. NOTE: skin heavily confounded by geography (best codominant model additive ~5.3% variance),"Solomon Islanders (Melanesia, Oceania)",Table S3 (supplement docx),supplement_docx,extracted
skin_regression,TYRP1,R93C,,"chr9:12,694,273 (GRCh37/hg19)",not_reported,Recessive genotype model (93C dose),Skin pigmentation (normalized melanin index),Recessive: Genotype+Sex+Age+Geography,914,beta=-0.241 ± 0.076 (norm SD units); R2=0.37; P=1.46 x 10-03. NOTE: skin heavily confounded by geography (best codominant model additive ~5.3% variance),"Solomon Islanders (Melanesia, Oceania)",Table S3 (supplement docx),supplement_docx,extracted
region_genotype_counts,TYRP1,R93C,,"chr9:12,694,273 (GRCh37/hg19)",not_reported,"CC(93R/93R)=126, CT(het)=80, TT(93C/93C)=22",genotype distribution by region,,228,93C allele frequency=0.27,"Solomon Islands - Central (Nggela, Savo, Russell)",Table S1 (supplement docx),supplement_docx,extracted
region_genotype_counts,TYRP1,R93C,,"chr9:12,694,273 (GRCh37/hg19)",not_reported,"CC(93R/93R)=17, CT(het)=2, TT(93C/93C)=0",genotype distribution by region,,19,93C allele frequency=0.05,Solomon Islands - Choiseul (Choiseul),Table S1 (supplement docx),supplement_docx,extracted
region_genotype_counts,TYRP1,R93C,,"chr9:12,694,273 (GRCh37/hg19)",not_reported,"CC(93R/93R)=33, CT(het)=33, TT(93C/93C)=13",genotype distribution by region,,79,93C allele frequency=0.37,Solomon Islands - Guadalcanal (Guadalcanal),Table S1 (supplement docx),supplement_docx,extracted
region_genotype_counts,TYRP1,R93C,,"chr9:12,694,273 (GRCh37/hg19)",not_reported,"CC(93R/93R)=23, CT(het)=17, TT(93C/93C)=7",genotype distribution by region,,47,93C allele frequency=0.33,Solomon Islands - Isabel (Isabel),Table S1 (supplement docx),supplement_docx,extracted
region_genotype_counts,TYRP1,R93C,,"chr9:12,694,273 (GRCh37/hg19)",not_reported,"CC(93R/93R)=13, CT(het)=11, TT(93C/93C)=3",genotype distribution by region,,27,93C allele frequency=0.31,"Solomon Islands - Makira (Makira, Santa Ana)",Table S1 (supplement docx),supplement_docx,extracted
region_genotype_counts,TYRP1,R93C,,"chr9:12,694,273 (GRCh37/hg19)",not_reported,"CC(93R/93R)=98, CT(het)=185, TT(93C/93C)=92",genotype distribution by region,,375,93C allele frequency=0.49,Solomon Islands - Malaita (Malaita),Table S1 (supplement docx),supplement_docx,extracted
region_genotype_counts,TYRP1,R93C,,"chr9:12,694,273 (GRCh37/hg19)",not_reported,"CC(93R/93R)=40, CT(het)=11, TT(93C/93C)=0",genotype distribution by region,,51,93C allele frequency=0.11,"Solomon Islands - Polynesian Outliers (Rennell, Bellona, Ontong Java, Tikopia)",Table S1 (supplement docx),supplement_docx,extracted
region_genotype_counts,TYRP1,R93C,,"chr9:12,694,273 (GRCh37/hg19)",not_reported,"CC(93R/93R)=13, CT(het)=11, TT(93C/93C)=3",genotype distribution by region,,27,93C allele frequency=0.31,"Solomon Islands - Temotu (Santa Cruz, Utupua, Reef, Duff)",Table S1 (supplement docx),supplement_docx,extracted
region_genotype_counts,TYRP1,R93C,,"chr9:12,694,273 (GRCh37/hg19)",not_reported,"CC(93R/93R)=40, CT(het)=22, TT(93C/93C)=2",genotype distribution by region,,64,93C allele frequency=0.2,"Solomon Islands - Western (Gizo, New Georgia, Kolombangara, Roviana, Simbo, Ranongga, Munda, Shortland, Vellalavella, Marovo)",Table S1 (supplement docx),supplement_docx,extracted
region_genotype_counts,TYRP1,R93C,,"chr9:12,694,273 (GRCh37/hg19)",not_reported,"CC(93R/93R)=405, CT(het)=374, TT(93C/93C)=142",genotype distribution by region,,921,93C allele frequency=0.36,Solomon Islands - Total (biased phenotype cohort) (all),Table S1 (supplement docx),supplement_docx,extracted
worldwide_genotyping,TYRP1,R93C,,"chr9:12,694,273 (GRCh37/hg19)",not_reported,ALL 941 successfully-genotyped individuals = 93R/93R (homozygous ancestral); 0 copies of 93C,worldwide 93C absence,,941,93C allele absent outside Oceania; also absent from dbSNP & 1000 Genomes,"CEPH-HGDP: 52 populations worldwide (1,064 attempted, 941 genotyped)",Table S4 (supplement docx); Main text p3,supplement_docx,extracted
allele_frequency,TYRP1,R93C,,"chr9:12,694,273 (GRCh37/hg19)",not_reported,93C allele frequency estimates,population allele frequency,,,"Unbiased cohort (N=640, no phenotype selection): 93C freq=25.7% (~0.26), out of HWE chi2=32.92 P<0.0001 (excess homozygotes, deficit hets). Hair-selected biased cohort: 37.5%, HWE chi2=12.34 P=0.0021",Solomon Islanders,Main text p3; Methods 1.8,parsed_text,extracted
phenotype_context,(phenotype-level),R93C absent in Europeans,,n/a,n/a,"3 x 93C-homozygous individuals had one parent from outside Solomon Is (2 Fiji, 1 New Guinea)","Blond hair in Melanesia arises via TYRP1 R93C, a DIFFERENT genetic mechanism than European blond hair; 93C restricted to the Pacific",,,Blond prevalence 5-10% in Oceania (highest outside Europe); European blond determinant alleles are absent here and 93C is absent in Europe,Solomon Islands vs Europe / worldwide,"Main text p1 (abstract), p2, p3",parsed_text,extracted
age_genotype_effect,TYRP1,R93C,,"chr9:12,694,273 (GRCh37/hg19)",not_reported,TT (93C hom / blond) vs CT (het) vs CC (93R hom),hair darkening with age (adjusted sex+geography),,,TT blonds: NO significant darkening with age R2=0.013 P=0.187; CT het: darkening R2=0.026 P=0.0017; CC 93R hom: darkening R2=0.031 P=0.0004. 93R-hom vs het differ (one-sided T P=1.27x10-9 -> some co-dominant effect). Females lighter than males P=4.09x10-35,"Solomon Islanders (Melanesia, Oceania)",Main text p2-3,parsed_text,extracted
