gene,variant_protein,variant_cdna,genomic_coord_build,rsid,genotype_or_zygosity,phenotype,effect_or_association,population,source_location,stratum,gene_assignment,extraction_method,extraction_status,discordance_row,notes
HERC2,not_reported,not_reported,chr15:28365618 (GRCh37/hg19),rs12913832,GG (homozygous derived),self-reported NON-blue (green/hazel/brown) — discordant with expected blue,"910/2,757 GG = 33.0% did not report blue (S1: green 635, hazel 253, brown 22)","European ancestry (self-reported European-related); CanPath biobank, Canada (Axiom UKBB array N=1,312 + GSA 24v1+MDP array N=1,412)",Supp Table S1; main text p.3 & p.6,GG (expected blue),reported (enhancer regulating OCA2),supplement_docx + parsed_text,extracted,"D1 (has light-predisposing causal genotype, shows darker)",Anchor causal genotype for blue-eye prediction; incomplete penetrance direction
HERC2,not_reported,not_reported,chr15:28365618 (GRCh37/hg19),rs12913832,"AA (homozygous ancestral) + AG (heterozygous), combined stratum",self-reported NON-brown/hazel (blue/green) — discordant with expected brown,"512/2,724 AA+AG = 18.8% did not report brown or hazel (S1: blue AG 89 + AA 3 = 92; green AG 392 + AA 28 = 420)","European ancestry (self-reported European-related); CanPath biobank, Canada (Axiom UKBB array N=1,312 + GSA 24v1+MDP array N=1,412)",Supp Table S1; main text p.3 & p.5-6,AA+AG (expected brown),reported (enhancer regulating OCA2),supplement_docx + parsed_text,extracted,D2 (shows light/blue phenotype without the usual GG causal genotype),rs12913832 not fully dominant: 1 vs 2 G copies matters (S4 dosage); replication p(ΔE)=2.97E-07
SLC45A2,intronic,not_reported,chr5:33954880 (GRCh37/hg19),rs35389,effect allele A1=G (A2=A); additive per-allele model; A1 freq=0.046,eye colour (linear: blue=1..brown=4) in rs12913832:GG stratum,"beta=0.352 (per-allele, categorical 1-4 scale), SE=0.049, P(FE)=1.18E-12, FINEMAP PIP=0.408; darkening allele=G","European ancestry (self-reported European-related); CanPath biobank, Canada (Axiom UKBB array N=1,312 + GSA 24v1+MDP array N=1,412)",Table 1 / Table 2 (COJO) / Table 3 (FINEMAP) / Table 4 & S2 (annotation),GG (expected blue),overlapped/coding,table_transcription,extracted,D1 modifier (pigment-increasing allele explains darker-than-expected eyes in GG),"Meta-lead & top FINEMAP PIP (SLC45A2 credible set). eQTL Thyroid; ClinVar Benign. Not previously assoc w/ eye colour; AIM. In LD w/ rs16891982 (D'=1.0,R2=0.696)"
SLC45A2,intronic,not_reported,chr5:33948589 (GRCh37/hg19),rs35395,effect allele A1=C (A2=T); additive per-allele model; A1 freq=0.034,eye colour (linear: blue=1..brown=4) in rs12913832:GG stratum,"beta=-0.357 (per-allele, categorical 1-4 scale), SE=0.05, P(FE)=1.475E-12, FINEMAP PIP=0.335; darkening allele=(A2=T lightening context)","European ancestry (self-reported European-related); CanPath biobank, Canada (Axiom UKBB array N=1,312 + GSA 24v1+MDP array N=1,412)",Table 1 / Table 2 (COJO) / Table 3 (FINEMAP) / Table 4 & S2 (annotation),GG (expected blue),overlapped/coding,table_transcription,extracted,D1 modifier (pigment-increasing allele explains darker-than-expected eyes in GG),FINEMAP credible-set member (SLC45A2). CADD 7.193
SLC45A2,coding non-synonymous,not_reported,chr5:33951693 (GRCh37/hg19),rs16891982,effect allele A1=G (A2=C); additive per-allele model; A1 freq=0.038,eye colour (linear: blue=1..brown=4) in rs12913832:GG stratum,"beta=-0.328 (per-allele, categorical 1-4 scale), SE=0.047, P(FE)=3.481E-12, FINEMAP PIP=0.155; darkening allele=G","European ancestry (self-reported European-related); CanPath biobank, Canada (Axiom UKBB array N=1,312 + GSA 24v1+MDP array N=1,412)",Table 1 / Table 2 (COJO) / Table 3 (FINEMAP) / Table 4 & S2 (annotation),GG (expected blue),overlapped/coding,table_transcription,extracted,D1 modifier (pigment-increasing allele explains darker-than-expected eyes in GG),Well-known IrisPlex/Snipper3.5 panel SNP (SLC45A2 L374F class). Not the top credible-set variant here (PIP 0.155). ClinVar Benign
SLC45A2,3'downstream/intronic/3'UTR,not_reported,chr5:33946571 (GRCh37/hg19),rs35407,effect allele A1=G (A2=A); additive per-allele model; A1 freq=0.034,eye colour (linear: blue=1..brown=4) in rs12913832:GG stratum,"beta=-0.345 (per-allele, categorical 1-4 scale), SE=0.051, P(FE)=9.106E-12, FINEMAP PIP=0.066; darkening allele=(SLC45A2)","European ancestry (self-reported European-related); CanPath biobank, Canada (Axiom UKBB array N=1,312 + GSA 24v1+MDP array N=1,412)",Table 1 / Table 2 (COJO) / Table 3 (FINEMAP) / Table 4 & S2 (annotation),GG (expected blue),overlapped/coding,table_transcription,extracted,D1 modifier (pigment-increasing allele explains darker-than-expected eyes in GG),FINEMAP credible-set member. CADD 2.185
TYRP1,5'upstream(~2kb)/intronic,not_reported,chr9:12692252 (GRCh37/hg19),rs2733836,effect allele A1=T (A2=G); additive per-allele model; A1 freq=0.438,eye colour (linear: blue=1..brown=4) in rs12913832:GG stratum,"beta=0.133 (per-allele, categorical 1-4 scale), SE=0.018, P(FE)=1.37E-13, FINEMAP PIP=0.068; darkening allele=T","European ancestry (self-reported European-related); CanPath biobank, Canada (Axiom UKBB array N=1,312 + GSA 24v1+MDP array N=1,412)",Table 1 / Table 2 (COJO) / Table 3 (FINEMAP) / Table 4 & S2 (annotation),GG (expected blue),overlapped/coding,table_transcription,extracted,D1 modifier (pigment-increasing allele explains darker-than-expected eyes in GG),"Meta-lead & COJO independent signal chr9 (GG). k=2 credible sets. eQTL brain. Not previously assoc w/ eye colour. LD w/ rs1408799,rs683 (D'>0.7)"
TYR,"coding non-synonymous (missense, exon 4)",not_reported,chr11:89017961 (GRCh37/hg19),rs1126809,effect allele A1=A (A2=G); additive per-allele model; A1 freq=0.272,eye colour (linear: blue=1..brown=4) in rs12913832:GG stratum,"beta=-0.179 (per-allele, categorical 1-4 scale), SE=0.019, P(FE)=4.58E-13, FINEMAP PIP=0.96; darkening allele=G","European ancestry (self-reported European-related); CanPath biobank, Canada (Axiom UKBB array N=1,312 + GSA 24v1+MDP array N=1,412)",Table 1 / Table 2 (COJO) / Table 3 (FINEMAP) / Table 4 & S2 (annotation),GG (expected blue),overlapped/coding,table_transcription,extracted,D1 modifier (pigment-increasing allele explains darker-than-expected eyes in GG),"COJO independent chr11; TOP causal PIP=0.960. A allele = thermosensitive/less-efficient tyrosinase (lighter); G allele darkens. SIFT Deleterious(0.30), PolyPhen ProbDamaging(0.994). ClinVar conflicting (albinism). Near-perfect LD w/ panel SNP rs1393350 (R2=0.953). Replicated Meyer2020"
SLC24A4,~15kb upstream of SLC24A4 TSS,not_reported,chr14:92773663 (GRCh37/hg19),rs12896399,effect allele A1=T (A2=G); additive per-allele model; A1 freq=0.401,eye colour (linear: blue=1..brown=4) in rs12913832:GG stratum,"beta=-0.221 (per-allele, categorical 1-4 scale), SE=0.018, P(FE)=2.05E-35, FINEMAP PIP=0.154; darkening allele=G","European ancestry (self-reported European-related); CanPath biobank, Canada (Axiom UKBB array N=1,312 + GSA 24v1+MDP array N=1,412)",Table 1 / Table 2 (COJO) / Table 3 (FINEMAP) / Table 4 & S2 (annotation),GG (expected blue),nearest/overlapped (per SNPnexus),table_transcription,extracted,D1 modifier (pigment-increasing allele explains darker-than-expected eyes in GG),Meta-lead & COJO independent chr14; strongest GG signal. IrisPlex/Snipper panel SNP. T=blue; G allele increases expression & darkens. k=2 credible sets. eQTL skin. Nearest-downstream gene per SNPnexus
SLC24A4,near SLC24A4,not_reported,chr14:92773903 (GRCh37/hg19),rs12896471,effect allele A1=G (A2=C); additive per-allele model; A1 freq=0.425,eye colour (linear: blue=1..brown=4) in rs12913832:GG stratum,"beta=-0.221 (per-allele, categorical 1-4 scale), SE=0.018, P(FE)=2.059E-35, FINEMAP PIP=0.154; darkening allele=(SLC24A4)","European ancestry (self-reported European-related); CanPath biobank, Canada (Axiom UKBB array N=1,312 + GSA 24v1+MDP array N=1,412)",Table 1 / Table 2 (COJO) / Table 3 (FINEMAP) / Table 4 & S2 (annotation),GG (expected blue),nearest/overlapped (per SNPnexus),table_transcription,extracted,D1 modifier (pigment-increasing allele explains darker-than-expected eyes in GG),FINEMAP credible-set member (same PIP as rs12896399)
SLC24A4,near SLC24A4,not_reported,chr14:92785941 (GRCh37/hg19),rs56137766,effect allele A1=A (A2=T); additive per-allele model; A1 freq=0.43,eye colour (linear: blue=1..brown=4) in rs12913832:GG stratum,"beta=-0.222 (per-allele, categorical 1-4 scale), SE=0.018, P(FE)=2.089E-35, FINEMAP PIP=0.136; darkening allele=(SLC24A4)","European ancestry (self-reported European-related); CanPath biobank, Canada (Axiom UKBB array N=1,312 + GSA 24v1+MDP array N=1,412)",Table 1 / Table 2 (COJO) / Table 3 (FINEMAP) / Table 4 & S2 (annotation),GG (expected blue),nearest/overlapped (per SNPnexus),table_transcription,extracted,D1 modifier (pigment-increasing allele explains darker-than-expected eyes in GG),FINEMAP credible-set member. CADD 5.231
SLC24A4,near SLC24A4,not_reported,chr14:92787761 (GRCh37/hg19),rs35983729,effect allele A1=G (A2=T); additive per-allele model; A1 freq=0.432,eye colour (linear: blue=1..brown=4) in rs12913832:GG stratum,"beta=-0.223 (per-allele, categorical 1-4 scale), SE=0.018, P(FE)=2.205E-35, FINEMAP PIP=0.128; darkening allele=(SLC24A4)","European ancestry (self-reported European-related); CanPath biobank, Canada (Axiom UKBB array N=1,312 + GSA 24v1+MDP array N=1,412)",Table 1 / Table 2 (COJO) / Table 3 (FINEMAP) / Table 4 & S2 (annotation),GG (expected blue),nearest/overlapped (per SNPnexus),table_transcription,extracted,D1 modifier (pigment-increasing allele explains darker-than-expected eyes in GG),FINEMAP credible-set member. CADD 5.697
SLC24A4,intronic/5'upstream,not_reported,chr14:92789205 (GRCh37/hg19),rs4144266,effect allele A1=G (A2=A); additive per-allele model; A1 freq=0.432,eye colour (linear: blue=1..brown=4) in rs12913832:GG stratum,"beta=-0.223 (per-allele, categorical 1-4 scale), SE=0.018, P(FE)=2.367E-35, FINEMAP PIP=0.119; darkening allele=(SLC24A4)","European ancestry (self-reported European-related); CanPath biobank, Canada (Axiom UKBB array N=1,312 + GSA 24v1+MDP array N=1,412)",Table 1 / Table 2 (COJO) / Table 3 (FINEMAP) / Table 4 & S2 (annotation),GG (expected blue),nearest/overlapped (per SNPnexus),table_transcription,extracted,D1 modifier (pigment-increasing allele explains darker-than-expected eyes in GG),FINEMAP credible-set member. CADD 7.619
SLC24A4,near SLC24A4,not_reported,chr14:92768503 (GRCh37/hg19),rs4904866,effect allele A1=T (A2=C); additive per-allele model; A1 freq=0.425,eye colour (linear: blue=1..brown=4) in rs12913832:GG stratum,"beta=-0.221 (per-allele, categorical 1-4 scale), SE=0.018, P(FE)=3.456E-35, FINEMAP PIP=0.089; darkening allele=(SLC24A4)","European ancestry (self-reported European-related); CanPath biobank, Canada (Axiom UKBB array N=1,312 + GSA 24v1+MDP array N=1,412)",Table 1 / Table 2 (COJO) / Table 3 (FINEMAP) / Table 4 & S2 (annotation),GG (expected blue),nearest/overlapped (per SNPnexus),table_transcription,extracted,D1 modifier (pigment-increasing allele explains darker-than-expected eyes in GG),FINEMAP credible-set member. CADD 5.795
SLC24A4,near SLC24A4,not_reported,chr14:92775967 (GRCh37/hg19),rs746586,effect allele A1=T (A2=C); additive per-allele model; A1 freq=0.426,eye colour (linear: blue=1..brown=4) in rs12913832:GG stratum,"beta=-0.221 (per-allele, categorical 1-4 scale), SE=0.018, P(FE)=3.994E-35, FINEMAP PIP=0.075; darkening allele=(SLC24A4)","European ancestry (self-reported European-related); CanPath biobank, Canada (Axiom UKBB array N=1,312 + GSA 24v1+MDP array N=1,412)",Table 1 / Table 2 (COJO) / Table 3 (FINEMAP) / Table 4 & S2 (annotation),GG (expected blue),nearest/overlapped (per SNPnexus),table_transcription,extracted,D1 modifier (pigment-increasing allele explains darker-than-expected eyes in GG),FINEMAP credible-set member. CADD 1.781
SLC24A4,intronic/5'upstream/5'UTR,not_reported,chr14:92790077 (GRCh37/hg19),rs12883151,effect allele A1=G (A2=A); additive per-allele model; A1 freq=0.432,eye colour (linear: blue=1..brown=4) in rs12913832:GG stratum,"beta=-0.222 (per-allele, categorical 1-4 scale), SE=0.018, P(FE)=3.960E-35, FINEMAP PIP=0.07; darkening allele=(SLC24A4)","European ancestry (self-reported European-related); CanPath biobank, Canada (Axiom UKBB array N=1,312 + GSA 24v1+MDP array N=1,412)",Table 1 / Table 2 (COJO) / Table 3 (FINEMAP) / Table 4 & S2 (annotation),GG (expected blue),nearest/overlapped (per SNPnexus),table_transcription,extracted,D1 modifier (pigment-increasing allele explains darker-than-expected eyes in GG),FINEMAP credible-set member. CADD 8.981
TSPAN10,non-coding intronic (polymorphic_pseudogene),not_reported,chr17:79611271 (GRCh37/hg19),rs62075722,effect allele A1=A (A2=G); additive per-allele model; A1 freq=0.364,eye colour (linear: blue=1..brown=4) in rs12913832:GG stratum,"beta=-0.116 (per-allele, categorical 1-4 scale), SE=0.019, P(FE)=6.36E-10, FINEMAP PIP=0.174; darkening allele=G","European ancestry (self-reported European-related); CanPath biobank, Canada (Axiom UKBB array N=1,312 + GSA 24v1+MDP array N=1,412)",Table 1 / Table 2 (COJO) / Table 3 (FINEMAP) / Table 4 & S2 (annotation),GG (expected blue),overlapped/coding,table_transcription,extracted,D1 modifier (pigment-increasing allele explains darker-than-expected eyes in GG),"Meta-lead & top-PIP TSPAN10 credible set (PIP low 0.174, high LD). G allele increases expression & darkens. eQTL skin (P=4.1E-18). k=2"
TSPAN10,coding non-synonymous (TSPAN10),not_reported,chr17:79612397 (GRCh37/hg19),rs6420484,effect allele A1=G (A2=A); additive per-allele model; A1 freq=0.366,eye colour (linear: blue=1..brown=4) in rs12913832:GG stratum,"beta=-0.116 (per-allele, categorical 1-4 scale), SE=0.019, P(FE)=6.602E-10, FINEMAP PIP=0.169; darkening allele=A","European ancestry (self-reported European-related); CanPath biobank, Canada (Axiom UKBB array N=1,312 + GSA 24v1+MDP array N=1,412)",Table 1 / Table 2 (COJO) / Table 3 (FINEMAP) / Table 4 & S2 (annotation),GG (expected blue),overlapped/coding,table_transcription,extracted,D1 modifier (pigment-increasing allele explains darker-than-expected eyes in GG),FINEMAP credible-set member. A allele = increased expression/darker iris (abstract highlights rs6420484). CADD n/a
NPLOC4,intronic (NPLOC4),not_reported,chr17:79549250 (GRCh37/hg19),rs34635363,effect allele A1=A (A2=G); additive per-allele model; A1 freq=0.364,eye colour (linear: blue=1..brown=4) in rs12913832:GG stratum,"beta=0.114 (per-allele, categorical 1-4 scale), SE=0.019, P(FE)=1.528E-09, FINEMAP PIP=0.079; darkening allele=A","European ancestry (self-reported European-related); CanPath biobank, Canada (Axiom UKBB array N=1,312 + GSA 24v1+MDP array N=1,412)",Table 1 / Table 2 (COJO) / Table 3 (FINEMAP) / Table 4 & S2 (annotation),GG (expected blue),nearest/overlapped (per SNPnexus),table_transcription,extracted,D1 modifier (pigment-increasing allele explains darker-than-expected eyes in GG),FINEMAP credible-set member (TSPAN10/NPLOC4 region). A allele increased expression/darker iris. CADD 0.125
IRF4,intronic (enhancer of IRF4),not_reported,chr6:396321 (GRCh37/hg19),rs12203592,effect allele A1=T (A2=C); additive per-allele model; A1 freq=0.164,eye colour (linear: blue=1..brown=4) in rs12913832:AA+AG stratum,"beta=-0.318 (per-allele, categorical 1-4 scale), SE=0.03, P(FE)=3.13E-26, FINEMAP PIP=1.0; lightening/darkening allele note=T","European ancestry (self-reported European-related); CanPath biobank, Canada (Axiom UKBB array N=1,312 + GSA 24v1+MDP array N=1,412)",Table 1 / Table 2 (COJO) / Table 3 (FINEMAP) / Table 4 & S2 (annotation),AA+AG (expected brown),overlapped/coding,table_transcription,extracted,D2 modifier (pigment-decreasing allele explains lighter-than-expected eyes in AA+AG),Meta-lead & COJO independent chr6; TOP causal PIP=1.00. IrisPlex panel SNP. T allele decreases IRF4 expr -> lighter; partially overrides brown background. eQTL skin; CADD 11.78; ClinVar 'Affects'. Also assoc heterochromia (ΔE)
TYRP1,downstream of TYRP1,not_reported,chr9:12612893 (GRCh37/hg19),rs7853779,effect allele A1=A (A2=G); additive per-allele model; A1 freq=0.389,eye colour (linear: blue=1..brown=4) in rs12913832:AA+AG stratum,"beta=0.129 (per-allele, categorical 1-4 scale), SE=0.023, P(FE)=3.12E-08, FINEMAP PIP=0.074; lightening/darkening allele note=G(A2 lightening context)","European ancestry (self-reported European-related); CanPath biobank, Canada (Axiom UKBB array N=1,312 + GSA 24v1+MDP array N=1,412)",Table 1 / Table 2 (COJO) / Table 3 (FINEMAP) / Table 4 & S2 (annotation),AA+AG (expected brown),overlapped/near (per SNPnexus),table_transcription,extracted,D2 modifier (pigment-decreasing allele explains lighter-than-expected eyes in AA+AG),Meta-lead & COJO independent chr9 (AA+AG). Note effect-allele/darkening interpretation: A1=A beta +0.129 (darkening); credible set A2=G/lighter alleles negative beta. No confirmed prior assoc (GAD/ClinVar). CADD 7.814
TYRP1,near TYRP1,not_reported,chr9:12622878 (GRCh37/hg19),rs10960723,effect allele A1=A (A2=C); additive per-allele model; A1 freq=0.391,eye colour (linear: blue=1..brown=4) in rs12913832:AA+AG stratum,"beta=-0.128 (per-allele, categorical 1-4 scale), SE=0.023, P(FE)=3.674E-08, FINEMAP PIP=0.064; lightening/darkening allele note=(TYRP1)","European ancestry (self-reported European-related); CanPath biobank, Canada (Axiom UKBB array N=1,312 + GSA 24v1+MDP array N=1,412)",Table 1 / Table 2 (COJO) / Table 3 (FINEMAP) / Table 4 & S2 (annotation),AA+AG (expected brown),overlapped/near (per SNPnexus),table_transcription,extracted,D2 modifier (pigment-decreasing allele explains lighter-than-expected eyes in AA+AG),"FINEMAP credible-set (TYRP1, AA+AG). CADD 2.416"
TYRP1,near TYRP1,not_reported,chr9:12605687 (GRCh37/hg19),rs713596,effect allele A1=G (A2=A); additive per-allele model; A1 freq=0.391,eye colour (linear: blue=1..brown=4) in rs12913832:AA+AG stratum,"beta=-0.128 (per-allele, categorical 1-4 scale), SE=0.023, P(FE)=3.749E-08, FINEMAP PIP=0.063; lightening/darkening allele note=(TYRP1)","European ancestry (self-reported European-related); CanPath biobank, Canada (Axiom UKBB array N=1,312 + GSA 24v1+MDP array N=1,412)",Table 1 / Table 2 (COJO) / Table 3 (FINEMAP) / Table 4 & S2 (annotation),AA+AG (expected brown),overlapped/near (per SNPnexus),table_transcription,extracted,D2 modifier (pigment-decreasing allele explains lighter-than-expected eyes in AA+AG),FINEMAP credible-set. CADD 4.357
TYRP1,intronic TYRP1,not_reported,chr9:12689313 (GRCh37/hg19),rs2762457,effect allele A1=T (A2=G); additive per-allele model; A1 freq=0.402,eye colour (linear: blue=1..brown=4) in rs12913832:AA+AG stratum,"beta=-0.126 (per-allele, categorical 1-4 scale), SE=0.023, P(FE)=4.855E-08, FINEMAP PIP=0.05; lightening/darkening allele note=(TYRP1)","European ancestry (self-reported European-related); CanPath biobank, Canada (Axiom UKBB array N=1,312 + GSA 24v1+MDP array N=1,412)",Table 1 / Table 2 (COJO) / Table 3 (FINEMAP) / Table 4 & S2 (annotation),AA+AG (expected brown),overlapped/near (per SNPnexus),table_transcription,extracted,D2 modifier (pigment-decreasing allele explains lighter-than-expected eyes in AA+AG),"FINEMAP credible-set. Used as tag SNP in Meyer2020, not itself assoc. CADD 1.391"
TYRP1,5'upstream/intronic/3'downstream TYRP1,not_reported,chr9:12696478 (GRCh37/hg19),rs2762460,effect allele A1=C (A2=T); additive per-allele model; A1 freq=0.409,eye colour (linear: blue=1..brown=4) in rs12913832:AA+AG stratum,"beta=-0.125 (per-allele, categorical 1-4 scale), SE=0.023, P(FE)=4.975E-08, FINEMAP PIP=0.049; lightening/darkening allele note=(TYRP1)","European ancestry (self-reported European-related); CanPath biobank, Canada (Axiom UKBB array N=1,312 + GSA 24v1+MDP array N=1,412)",Table 1 / Table 2 (COJO) / Table 3 (FINEMAP) / Table 4 & S2 (annotation),AA+AG (expected brown),overlapped/near (per SNPnexus),table_transcription,extracted,D2 modifier (pigment-decreasing allele explains lighter-than-expected eyes in AA+AG),FINEMAP credible-set. Prior assoc breast cancer. CADD 1.199
TYRP1,non-coding intronic/3'downstream TYRP1,not_reported,chr9:12703484 (GRCh37/hg19),rs2733831,effect allele A1=G (A2=A); additive per-allele model; A1 freq=0.408,eye colour (linear: blue=1..brown=4) in rs12913832:AA+AG stratum,"beta=-0.125 (per-allele, categorical 1-4 scale), SE=0.023, P(FE)=5.343E-08, FINEMAP PIP=0.046; lightening/darkening allele note=(TYRP1)","European ancestry (self-reported European-related); CanPath biobank, Canada (Axiom UKBB array N=1,312 + GSA 24v1+MDP array N=1,412)",Table 1 / Table 2 (COJO) / Table 3 (FINEMAP) / Table 4 & S2 (annotation),AA+AG (expected brown),overlapped/near (per SNPnexus),table_transcription,extracted,D2 modifier (pigment-decreasing allele explains lighter-than-expected eyes in AA+AG),FINEMAP credible-set. CADD 1.211
OCA2,coding non-synonymous missense (paper: rs1800407:T allele encodes glutamate; specific p.change notation not_reported in this paper),not_reported,chr15:28230318 (GRCh37/hg19),rs1800407,effect allele A1=T (A2=C); additive per-allele model; A1 freq=0.128,eye colour (linear: blue=1..brown=4) in rs12913832:AA+AG stratum,"beta=-0.292 (per-allele, categorical 1-4 scale), SE=0.037, P(FE)=4.10E-15, FINEMAP PIP=0.997; lightening/darkening allele note=T","European ancestry (self-reported European-related); CanPath biobank, Canada (Axiom UKBB array N=1,312 + GSA 24v1+MDP array N=1,412)",Table 1 / Table 2 (COJO) / Table 3 (FINEMAP) / Table 4 & S2 (annotation),AA+AG (expected brown),overlapped/coding,table_transcription,extracted,D2 modifier (pigment-decreasing allele explains lighter-than-expected eyes in AA+AG),"COJO independent chr15 (1st credible set); causal PIP=0.997. IrisPlex panel SNP. One T copy -> increased green/hazel probability, may explain non-brown in AA+AG. SIFT Deleterious(0.20), PolyPhen ProbDamaging(0.986). ClinVar Benign/Likely benign; HI score 30; homozygous->OCA2 albinism"
OCA2,intronic (OCA2),not_reported,chr15:28335820 (GRCh37/hg19),rs4778138,effect allele A1=G (A2=A); additive per-allele model; A1 freq=0.273,eye colour (linear: blue=1..brown=4) in rs12913832:AA+AG stratum,"beta=0.179 (per-allele, categorical 1-4 scale), SE=0.027, P(FE)=3.04E-11, FINEMAP PIP=0.341; lightening/darkening allele note=A(A2 context)","European ancestry (self-reported European-related); CanPath biobank, Canada (Axiom UKBB array N=1,312 + GSA 24v1+MDP array N=1,412)",Table 1 / Table 2 (COJO) / Table 3 (FINEMAP) / Table 4 & S2 (annotation),AA+AG (expected brown),overlapped/coding,table_transcription,extracted,D2 modifier (pigment-decreasing allele explains lighter-than-expected eyes in AA+AG),"COJO independent chr15 (2nd credible set signal). Part of 3-SNP blue-eye haplotype (rs4778138/rs4778241/rs7495174, Duffy2007). eQTL whole blood P=5.8E-20; CADD 1.982. Joint beta 0.164"
OCA2,intronic (OCA2),not_reported,chr15:28341609 (GRCh37/hg19),rs7164220,effect allele A1=A (A2=C); additive per-allele model; A1 freq=0.22,eye colour (linear: blue=1..brown=4) in rs12913832:AA+AG stratum,"beta=-0.179 (per-allele, categorical 1-4 scale), SE=0.03, P(FE)=1.545E-09, FINEMAP PIP=0.472; lightening/darkening allele note=(OCA2)","European ancestry (self-reported European-related); CanPath biobank, Canada (Axiom UKBB array N=1,312 + GSA 24v1+MDP array N=1,412)",Table 1 / Table 2 (COJO) / Table 3 (FINEMAP) / Table 4 & S2 (annotation),AA+AG (expected brown),overlapped/coding,table_transcription,extracted,D2 modifier (pigment-decreasing allele explains lighter-than-expected eyes in AA+AG),"FINEMAP 2nd credible set, higher PIP (0.472) than rs4778138. Open chromatin/DNase1 foreskin melanocyte; CADD 11.81"
HERC2,intronic (HERC2),not_reported,chr15:28409219 (GRCh37/hg19),rs79380392,effect allele A1=T (A2=C); additive per-allele model; A1 freq=0.049,eye colour (linear: blue=1..brown=4) in rs12913832:AA+AG stratum,"beta=0.249 (per-allele, categorical 1-4 scale), SE=0.055, P(FE)=5.354E-06, FINEMAP PIP=0.135; lightening/darkening allele note=T","European ancestry (self-reported European-related); CanPath biobank, Canada (Axiom UKBB array N=1,312 + GSA 24v1+MDP array N=1,412)",Table 1 / Table 2 (COJO) / Table 3 (FINEMAP) / Table 4 & S2 (annotation),AA+AG (expected brown),overlapped/coding,table_transcription,extracted,D2 modifier (pigment-decreasing allele explains lighter-than-expected eyes in AA+AG),FINEMAP 3rd credible set causal (only log10BF>2 in set). NOTE: did NOT reach genome-wide significance (P=5.35E-6) - interpret with caution. CADD 5.332
OCA2,not_reported,not_reported,not_reported (GRCh37/hg19),rs7495174,A1 not tabulated; nominal,blue eyes in AA+AG stratum (Duffy 3-SNP haplotype),"nominally significant PIP=0.004, P=1.87E-7 (text p.13); not genome-wide significant","European ancestry (self-reported European-related); CanPath biobank, Canada (Axiom UKBB array N=1,312 + GSA 24v1+MDP array N=1,412)",main text p.13 (Discussion),AA+AG (expected brown),overlapped,parsed_text,partial,D2 modifier,Part of blue-eye haplotype; A1/coord not tabulated in this paper
TYR,not_reported,not_reported,chr11:89017961 (GRCh37/hg19),rs1126809,"A1=A freq=0.271; additive per-allele; linear regression, sex+camera+4PC covariates","quantitative iris colour (CIELAB L*/a*/b*, ΔE heterochromia) + 5-cat self-report, rs12913832:GG stratum","L*: beta=1.434,SE=0.457,P=0.00187; b*: beta=-0.252,SE=0.0618,P=5.95E-05 (Bonferroni-sig); a* P=0.051","European ancestry, living in Canada, N=549 (Edwards et al. 2016 quantitative-iris cohort); MEGA array",Supp Table S4; main text p.9 & p.13,GG,overlapped/near,supplement_docx + parsed_text,extracted,D1 modifier (replication),"REPLICATION cohort (independent European N=549). 3 of 5 GG signals replicated (TYR,SLC24A4,TSPAN10); TYR strongest in L and b*"
SLC24A4,not_reported,not_reported,chr14:92773663 (GRCh37/hg19),rs12896399,"A1=T freq=0.425; additive per-allele; linear regression, sex+camera+4PC covariates","quantitative iris colour (CIELAB L*/a*/b*, ΔE heterochromia) + 5-cat self-report, rs12913832:GG stratum","b*: beta=-0.225,SE=0.0549,P=5.61E-05 (Bonferroni-sig); L* P=0.866 ns","European ancestry, living in Canada, N=549 (Edwards et al. 2016 quantitative-iris cohort); MEGA array",Supp Table S4; main text p.9 & p.13,GG,overlapped/near,supplement_docx + parsed_text,extracted,D1 modifier (replication),REPLICATION cohort (independent European N=549). Replicated in b* dimension
TSPAN10,not_reported,not_reported,chr17:79611271 (GRCh37/hg19),rs62075722,"A1=A freq=0.354; additive per-allele; linear regression, sex+camera+4PC covariates","quantitative iris colour (CIELAB L*/a*/b*, ΔE heterochromia) + 5-cat self-report, rs12913832:GG stratum","b*: beta=0.204,SE=0.0558,P=3.05E-04 (Bonferroni-sig)","European ancestry, living in Canada, N=549 (Edwards et al. 2016 quantitative-iris cohort); MEGA array",Supp Table S4; main text p.9 & p.13,GG,overlapped/near,supplement_docx + parsed_text,extracted,D1 modifier (replication),REPLICATION cohort (independent European N=549). Replicated in b* dimension
IRF4,not_reported,not_reported,chr6:396321 (GRCh37/hg19),rs12203592,"A1=T freq=0.156; additive per-allele; linear regression, sex+camera+4PC covariates","quantitative iris colour (CIELAB L*/a*/b*, ΔE heterochromia) + 5-cat self-report, rs12913832:AA+AG stratum","L*: beta=2.454,P=0.00131; a*: beta=-0.387,P=2.34E-05; b*: beta=0.252,P=0.00324; ΔE: beta=0.378,P=0.00187 (Bonferroni-sig across L,a,b,ΔE)","European ancestry, living in Canada, N=549 (Edwards et al. 2016 quantitative-iris cohort); MEGA array",Supp Table S4; main text p.9 & p.13,AA+AG,overlapped/near,supplement_docx + parsed_text,extracted,D2 modifier (replication),REPLICATION cohort (independent European N=549). Replicated across 4 dimensions incl heterochromia ΔE
OCA2,not_reported,not_reported,chr15:28230318 (GRCh37/hg19),rs1800407,"A1=T freq=0.105; additive per-allele; linear regression, sex+camera+4PC covariates","quantitative iris colour (CIELAB L*/a*/b*, ΔE heterochromia) + 5-cat self-report, rs12913832:AA+AG stratum","L*: beta=3.495,SE=0.938,P=0.000241; a*: beta=-0.315,P=0.006905 (Bonferroni-sig L,a)","European ancestry, living in Canada, N=549 (Edwards et al. 2016 quantitative-iris cohort); MEGA array",Supp Table S4; main text p.9 & p.13,AA+AG,overlapped/near,supplement_docx + parsed_text,extracted,D2 modifier (replication),REPLICATION cohort (independent European N=549). Replicated L and a* dimensions
OCA2,not_reported,not_reported,chr15:28335820 (GRCh37/hg19),rs4778138,"A1=G freq=0.265; additive per-allele; linear regression, sex+camera+4PC covariates","quantitative iris colour (CIELAB L*/a*/b*, ΔE heterochromia) + 5-cat self-report, rs12913832:AA+AG stratum","L*: beta=-2.040,SE=0.671,P=0.002604; a* ns (Bonferroni-sig L, and via SREC1 self-report)","European ancestry, living in Canada, N=549 (Edwards et al. 2016 quantitative-iris cohort); MEGA array",Supp Table S4; main text p.9 & p.13,AA+AG,overlapped/near,supplement_docx + parsed_text,extracted,D2 modifier (replication),REPLICATION cohort (independent European N=549). Replicated L dimension
HERC2,not_reported,not_reported,chr15:28365618 (GRCh37/hg19),rs12913832,within AA+AG stratum: 1 vs 2 copies ancestral A (G-dosage tested; A1=G freq=0.412),"quantitative iris colour L*/a*/ΔE + self-report, replication cohort","L*: beta=5.258,SE=0.998,P=2.97E-07; a*: beta=-0.377,P=0.003217; ΔE: beta=0.848,SE=0.161,P=2.97E-07; self-report(SREC1) beta=-0.499,P=5.76E-05 — dosage-dependent, NOT fully dominant; G allele increases heterochromia (ΔE)","European ancestry, living in Canada, N=549 (Edwards et al. 2016 quantitative-iris cohort); MEGA array",Supp Table S4; main text p.9 & p.13,AA+AG (expected brown),reported,supplement_docx + parsed_text,extracted,D2 mechanism (one G copy lightens; heterochromia may drive intermediate self-report),Key discordance-mechanism finding: rs12913832 acts dosage-dependently and strongly on ΔE central heterochromia
TYRP1,not_reported,not_reported,not_reported (GRCh37/hg19),rs35866166,reported effect allele C (Meyer2020),eye colour discordance (brown in GG),"in current study: beta=0.173, P=2.98E-6 (nominal in this study)","European ancestry (self-reported European-related); CanPath biobank, Canada (Axiom UKBB array N=1,312 + GSA 24v1+MDP array N=1,412)",Supp Table S5; main text p.11 (Discussion),GG,overlapped/near (prior-study candidate),supplement_docx + parsed_text,extracted,D1 candidate (prior study),"Meyer candidate for brown-in-GG; here nominal, PIP 0.001, same effect direction (darkening) [genomic coord not tabulated in this paper]"
TYRP1,not_reported,not_reported,not_reported (GRCh37/hg19),rs62538956,reported effect allele C (Meyer2020),eye colour discordance (brown in GG),"in current study: beta=0.165, P=5.01E-9 (genome-wide sig here)","European ancestry (self-reported European-related); CanPath biobank, Canada (Axiom UKBB array N=1,312 + GSA 24v1+MDP array N=1,412)",Supp Table S5; main text p.11 (Discussion),GG,overlapped/near (prior-study candidate),supplement_docx + parsed_text,extracted,D1 candidate (prior study),"Meyer candidate; here genome-wide significant, PIP 0.003, darkening direction [genomic coord not tabulated in this paper]"
SLC24A4,not_reported,not_reported,not_reported (GRCh37/hg19),rs1289469,reported effect allele C (Meyer2020),eye colour discordance (brown in GG),"in current study: beta=N/A, P=N/A - not present in this dataset","European ancestry (self-reported European-related); CanPath biobank, Canada (Axiom UKBB array N=1,312 + GSA 24v1+MDP array N=1,412)",Supp Table S5; main text p.11 (Discussion),GG,overlapped/near (prior-study candidate),supplement_docx + parsed_text,not_reported,D1 candidate (prior study),Meyer candidate SLC24A4; absent from this sample [genomic coord not tabulated in this paper]
OCA2,not_reported,not_reported,not_reported (GRCh37/hg19),rs74409036,reported effect allele A (Salvo2023),eye colour discordance (blue in AA+AG),"in current study: beta=N/A, P=N/A - not imputed/failed MAF QC","European ancestry (self-reported European-related); CanPath biobank, Canada (Axiom UKBB array N=1,312 + GSA 24v1+MDP array N=1,412)",Supp Table S5; main text p.11 (Discussion),AA+AG,overlapped/near (prior-study candidate),supplement_docx + parsed_text,not_reported,D2 candidate (prior study),"Salvo blue-in-AA+AG candidate; low freq, absent here [genomic coord not tabulated in this paper]"
OCA2,not_reported,not_reported,not_reported (GRCh37/hg19),rs78544415,reported effect allele T (Salvo2023),eye colour discordance (blue in AA+AG),"in current study: beta=-0.031, P=7.47E-2 (ns)","European ancestry (self-reported European-related); CanPath biobank, Canada (Axiom UKBB array N=1,312 + GSA 24v1+MDP array N=1,412)",Supp Table S5; main text p.11 (Discussion),AA+AG,overlapped/near (prior-study candidate),supplement_docx + parsed_text,extracted,D2 candidate (prior study),Salvo candidate; not significant here [genomic coord not tabulated in this paper]
OCA2,not_reported,not_reported,not_reported (GRCh37/hg19),rs72714116,reported effect allele T (Salvo2023),eye colour discordance (blue in AA+AG),"in current study: beta=-0.098, P=1.45E-7 (not genome-wide sig)","European ancestry (self-reported European-related); CanPath biobank, Canada (Axiom UKBB array N=1,312 + GSA 24v1+MDP array N=1,412)",Supp Table S5; main text p.11 (Discussion),AA+AG,overlapped/near (prior-study candidate),supplement_docx + parsed_text,extracted,D2 candidate (prior study),Salvo candidate; suggestive lightening but below 5E-8 [genomic coord not tabulated in this paper]
HERC2,not_reported,not_reported,not_reported (GRCh37/hg19),rs191109490,reported effect allele C (Salvo2023),eye colour discordance (blue in AA+AG),"in current study: beta=N/A, P=N/A - not imputed/failed MAF QC","European ancestry (self-reported European-related); CanPath biobank, Canada (Axiom UKBB array N=1,312 + GSA 24v1+MDP array N=1,412)",Supp Table S5; main text p.11 (Discussion),AA+AG,overlapped/near (prior-study candidate),supplement_docx + parsed_text,not_reported,D2 candidate (prior study),"Salvo candidate; low freq, absent here [genomic coord not tabulated in this paper]"
HERC2,not_reported,not_reported,not_reported (GRCh37/hg19),rs551217952,reported effect allele C (Salvo2023),eye colour discordance (blue in AA+AG),"in current study: beta=N/A, P=N/A - not imputed/failed MAF QC","European ancestry (self-reported European-related); CanPath biobank, Canada (Axiom UKBB array N=1,312 + GSA 24v1+MDP array N=1,412)",Supp Table S5; main text p.11 (Discussion),AA+AG,overlapped/near (prior-study candidate),supplement_docx + parsed_text,not_reported,D2 candidate (prior study),"Salvo candidate; low freq, absent here [genomic coord not tabulated in this paper]"
